application_id,channel,annual_income_k,requested_amount_k,bureau_score,dti_ratio,utilization_rate,delinquency_12m,inquiries_6m,thin_file_flag
VEND-00000,broker,93.47,6.07,663,0.871,0.3497,0,6,0
VEND-00001,branch,68.84,28.01,696,0.2338,0.5084,0,1,0
VEND-00002,branch,60.54,26.6,679,0.71,0.458,0,1,1
VEND-00003,branch,141.3,12.41,676,0.378,0.4704,0,1,1
VEND-00004,digital_partner,120.96,16.97,732,0.3048,0.3117,3,0,0
VEND-00005,broker,126.54,14.45,679,0.2334,0.6808,0,3,0
VEND-00006,branch,111.0,25.23,672,0.1244,0.6094,1,1,1
VEND-00007,branch,123.45,9.32,681,0.5613,0.4921,0,0,0
VEND-00008,branch,78.0,26.14,711,0.2909,0.8713,0,4,0
VEND-00009,digital_partner,101.55,18.44,617,0.291,0.779,1,0,1
VEND-00010,direct,64.27,18.04,695,0.3832,0.3575,0,1,0
VEND-00011,branch,35.3,12.66,660,0.097,0.0998,0,4,0
VEND-00012,digital_partner,77.0,18.71,750,0.0972,0.6478,0,1,0
VEND-00013,digital_partner,83.82,24.36,629,0.3467,0.4472,0,3,0
VEND-00014,branch,68.44,11.44,704,0.6518,0.7271,0,1,0
VEND-00015,direct,117.45,32.3,624,0.4217,0.5658,2,1,1
VEND-00016,broker,20.0,17.99,601,0.6998,0.7064,0,2,0
VEND-00017,branch,85.32,32.16,725,0.4889,0.97,0,0,0
VEND-00018,broker,129.45,8.12,667,0.4573,0.3236,0,1,0
VEND-00019,direct,21.83,12.87,633,0.3706,0.2048,0,4,0
VEND-00020,broker,91.83,6.98,683,0.3223,0.7541,0,1,0
VEND-00021,digital_partner,103.27,16.76,647,0.4419,0.2398,0,1,0
VEND-00022,branch,38.22,17.34,679,0.7131,0.3092,0,0,0
VEND-00023,direct,87.18,15.38,640,0.5288,0.8245,0,1,0
VEND-00024,broker,99.99,33.74,720,0.558,0.474,1,1,0
VEND-00025,direct,31.9,22.37,701,0.3569,0.6188,2,1,0
VEND-00026,branch,98.42,9.66,695,0.4934,0.5914,0,1,0
VEND-00027,digital_partner,80.42,13.28,753,0.3219,0.4033,1,1,0
VEND-00028,digital_partner,80.92,5.27,677,0.3886,0.43,1,1,0
VEND-00029,branch,144.75,16.08,574,0.601,0.7358,0,1,1
VEND-00030,direct,49.12,27.23,720,0.3118,0.8742,0,1,0
VEND-00031,direct,120.28,15.26,783,0.6951,0.6864,0,1,0
VEND-00032,digital_partner,96.83,14.79,699,0.3955,0.9313,0,2,0
VEND-00033,branch,155.28,29.63,741,0.3176,0.2738,0,2,0
VEND-00034,digital_partner,88.74,13.97,678,0.6671,0.4324,0,3,0
VEND-00035,branch,151.87,25.75,705,0.6165,0.156,0,0,0
VEND-00036,branch,95.26,6.55,693,0.323,0.8371,2,1,0
VEND-00037,direct,84.49,12.39,705,0.6856,0.418,1,2,0
VEND-00038,branch,97.61,16.38,558,0.3987,0.5796,1,0,0
VEND-00039,direct,136.35,19.66,726,0.4447,0.318,1,0,0
VEND-00040,branch,88.72,4.46,615,0.3325,0.2295,0,0,1
VEND-00041,digital_partner,106.19,11.97,703,0.218,0.7732,0,3,0
VEND-00042,direct,101.24,18.74,672,0.7396,0.822,0,1,1
VEND-00043,broker,88.16,41.81,728,0.6367,0.3065,0,0,0
VEND-00044,branch,117.2,17.3,636,0.3084,0.5176,1,1,0
VEND-00045,broker,44.87,2.0,734,0.2506,0.6038,0,3,0
VEND-00046,digital_partner,55.19,22.67,660,0.2144,0.5607,1,1,1
VEND-00047,digital_partner,128.86,18.9,663,0.2219,0.8301,0,0,0
VEND-00048,broker,98.24,17.39,722,0.3544,0.7724,0,2,1
VEND-00049,branch,88.56,18.31,609,0.49,0.3713,1,2,1
VEND-00050,branch,84.32,6.49,655,0.1069,0.2237,1,2,0
VEND-00051,branch,33.79,21.8,678,0.1551,0.2827,0,0,0
VEND-00052,broker,112.69,3.46,714,0.5879,0.7131,0,2,1
VEND-00053,digital_partner,91.78,17.56,724,0.6918,0.7446,0,1,0
VEND-00054,branch,86.18,12.08,717,0.4394,0.5853,0,3,0
VEND-00055,direct,110.95,19.24,604,0.1536,0.256,1,3,0
VEND-00056,digital_partner,99.71,9.28,742,0.1531,0.9402,0,0,0
VEND-00057,broker,166.46,7.57,748,0.2322,0.2535,0,2,1
VEND-00058,branch,96.45,18.23,622,0.1816,0.6717,0,1,1
VEND-00059,direct,124.83,13.34,685,0.3372,0.7773,0,1,1
VEND-00060,digital_partner,67.47,18.18,662,0.5856,0.1397,2,5,1
VEND-00061,direct,129.51,2.0,735,0.5708,0.6804,0,1,0
VEND-00062,broker,78.14,11.37,670,0.4369,0.3079,0,1,0
VEND-00063,branch,50.34,24.4,714,0.7476,0.4409,0,0,0
VEND-00064,direct,105.13,28.85,713,0.3215,0.2489,0,0,0
VEND-00065,branch,102.47,15.98,719,0.1137,0.6173,1,1,1
VEND-00066,direct,67.0,27.1,661,0.0937,0.5542,0,2,1
VEND-00067,broker,104.28,25.89,664,0.4138,0.5988,1,0,0
VEND-00068,direct,65.76,22.1,680,0.1598,0.4444,0,1,1
VEND-00069,branch,63.15,8.1,653,0.7917,0.04,2,1,1
VEND-00070,broker,104.99,6.13,665,0.3282,0.6253,0,1,0
VEND-00071,broker,83.45,22.87,630,0.5289,0.6954,0,0,0
VEND-00072,direct,47.05,29.36,700,0.3449,0.8123,0,2,1
VEND-00073,direct,136.99,10.44,710,0.1292,0.3377,1,0,0
VEND-00074,broker,124.48,23.78,661,0.2603,0.22,1,2,1
VEND-00075,branch,76.97,18.52,760,0.655,0.6022,0,0,0
VEND-00076,broker,84.16,12.32,644,0.2726,0.4369,1,1,1
VEND-00077,direct,85.85,21.77,646,0.1734,0.655,2,1,0
VEND-00078,direct,70.72,19.1,742,0.3752,0.5678,0,0,0
VEND-00079,direct,103.31,11.59,610,0.2947,0.7173,1,0,0
VEND-00080,broker,112.24,14.3,631,0.6691,0.5633,0,0,1
VEND-00081,branch,70.17,25.85,739,0.2876,0.3879,2,0,0
VEND-00082,digital_partner,92.99,22.83,797,0.3958,0.3309,0,0,0
VEND-00083,direct,163.19,15.09,719,0.6885,0.2677,0,3,0
VEND-00084,broker,159.15,13.42,565,0.3389,0.112,0,2,0
VEND-00085,digital_partner,43.39,15.82,647,0.6285,0.5845,0,1,0
VEND-00086,branch,93.4,19.15,640,0.1437,0.8797,0,1,0
VEND-00087,digital_partner,97.21,18.2,688,0.3017,0.8322,0,0,0
VEND-00088,branch,125.67,17.26,653,0.5098,0.9139,0,1,1
VEND-00089,broker,87.36,18.69,759,0.2451,0.6881,0,3,1
VEND-00090,branch,121.74,4.89,634,0.571,0.9168,1,2,1
VEND-00091,broker,90.1,17.67,581,0.2633,0.5892,1,1,1
VEND-00092,digital_partner,123.77,9.43,626,0.4152,0.3554,0,1,0
VEND-00093,branch,27.22,11.38,626,0.5645,0.2101,0,2,1
VEND-00094,digital_partner,98.81,14.29,781,0.2665,0.1366,0,0,0
VEND-00095,broker,127.2,12.26,664,0.8216,0.8412,0,1,0
VEND-00096,direct,132.59,12.73,691,0.6073,0.6421,0,1,0
VEND-00097,digital_partner,99.56,23.68,580,0.3396,0.5839,0,1,0
VEND-00098,branch,52.96,20.85,633,0.3747,0.5062,0,0,1
VEND-00099,direct,67.45,13.31,606,0.0911,0.4303,0,1,0
VEND-00100,direct,120.38,11.83,633,0.2296,0.2542,0,1,0
VEND-00101,branch,127.06,20.8,684,0.0946,0.5212,1,0,0
VEND-00102,digital_partner,138.72,12.04,645,0.5487,0.4612,0,4,0
VEND-00103,broker,110.28,22.84,790,0.7192,0.8622,0,3,0
VEND-00104,digital_partner,110.41,13.29,737,0.5641,0.5966,1,4,1
VEND-00105,direct,134.49,21.73,586,0.6121,0.5344,0,1,0
VEND-00106,broker,64.48,17.62,647,0.351,0.4454,0,1,0
VEND-00107,direct,103.4,14.57,697,0.137,0.5603,0,1,0
VEND-00108,broker,85.98,22.08,635,0.4134,0.5673,0,3,0
VEND-00109,direct,131.82,12.15,586,0.4207,0.8768,1,2,0
VEND-00110,branch,42.88,5.87,684,0.6121,0.3884,1,1,0
VEND-00111,branch,155.36,17.92,818,0.1127,0.1739,0,2,0
VEND-00112,branch,27.79,27.22,693,0.3239,0.5921,0,2,0
VEND-00113,broker,119.22,5.62,695,0.369,0.7198,0,2,0
VEND-00114,branch,133.75,18.48,657,0.6489,0.5396,0,0,0
VEND-00115,direct,83.13,11.91,647,0.7913,0.5724,1,1,1
VEND-00116,branch,20.0,18.35,663,0.6361,0.2646,0,1,1
VEND-00117,direct,88.33,18.05,627,0.615,0.4265,0,0,0
VEND-00118,broker,120.7,15.74,714,0.6623,0.5505,1,0,0
VEND-00119,digital_partner,89.76,18.19,669,0.4376,0.8413,1,3,1
VEND-00120,branch,93.43,26.22,648,0.535,0.4121,0,2,0
VEND-00121,direct,68.79,24.14,624,0.4847,0.3377,1,1,0
VEND-00122,direct,87.19,20.19,693,0.2974,0.2677,1,0,0
VEND-00123,direct,45.66,25.54,752,0.4974,0.5068,0,3,0
VEND-00124,broker,52.76,5.75,624,0.3695,0.1102,0,0,0
VEND-00125,direct,117.2,13.66,562,0.1287,0.7071,0,1,0
VEND-00126,digital_partner,70.15,18.22,731,0.1949,0.345,0,2,0
VEND-00127,branch,144.07,9.02,695,0.2061,0.7043,0,1,0
VEND-00128,digital_partner,126.07,25.37,725,0.5163,0.7484,0,2,0
VEND-00129,direct,45.15,17.06,664,0.512,0.4188,0,0,0
VEND-00130,broker,153.32,20.63,630,0.3057,0.477,1,1,0
VEND-00131,branch,112.79,25.72,669,0.6238,0.5163,1,1,1
VEND-00132,broker,53.04,12.75,697,0.7622,0.3796,1,2,1
VEND-00133,branch,61.91,28.19,674,0.3159,0.7642,0,0,0
VEND-00134,branch,87.64,9.31,676,0.4599,0.8708,0,0,0
VEND-00135,direct,80.93,12.38,678,0.3099,0.7673,0,2,0
VEND-00136,direct,101.72,4.37,666,0.4218,0.2438,0,2,0
VEND-00137,branch,102.75,17.9,640,0.6807,0.4712,0,0,0
VEND-00138,direct,78.29,14.93,664,0.6015,0.3353,0,0,1
VEND-00139,broker,46.07,9.27,664,0.4822,0.4025,0,1,1
VEND-00140,digital_partner,142.78,24.92,667,0.3799,0.3299,1,3,1
VEND-00141,digital_partner,105.03,23.27,714,0.4777,0.3876,0,2,0
VEND-00142,digital_partner,82.71,9.93,726,0.396,0.5274,0,1,0
VEND-00143,digital_partner,92.64,17.24,614,0.4789,0.575,0,0,0
VEND-00144,digital_partner,112.59,30.61,613,0.3456,0.8551,0,1,0
VEND-00145,branch,58.31,23.33,751,0.4678,0.3779,1,2,0
VEND-00146,direct,84.27,2.0,674,0.7382,0.5547,1,1,1
VEND-00147,broker,119.43,9.05,644,0.6436,0.3874,0,4,0
VEND-00148,direct,86.47,6.31,708,0.7682,0.5095,1,3,0
VEND-00149,digital_partner,72.57,20.71,716,0.5824,0.4514,0,1,0
VEND-00150,branch,78.29,18.45,680,0.6926,0.6343,0,0,1
VEND-00151,direct,104.42,13.06,710,0.5842,0.6671,0,0,0
VEND-00152,branch,68.25,18.56,788,0.1795,0.6461,0,0,0
VEND-00153,direct,54.45,9.02,802,0.2142,0.8046,0,1,1
VEND-00154,broker,88.03,16.36,616,0.7156,0.7771,1,2,0
VEND-00155,digital_partner,90.49,19.51,669,0.5154,0.2807,1,4,1
VEND-00156,branch,48.85,21.37,664,0.1358,0.1068,2,0,0
VEND-00157,branch,64.13,15.22,778,0.2085,0.9486,1,2,0
VEND-00158,direct,135.18,16.77,657,0.276,0.8628,1,0,0
VEND-00159,broker,74.1,15.61,664,0.4957,0.4496,0,0,0
VEND-00160,broker,154.54,27.65,618,0.5914,0.6581,0,0,1
VEND-00161,digital_partner,66.82,16.07,763,0.4841,0.5399,0,1,0
VEND-00162,branch,99.17,23.66,687,0.1019,0.5149,0,1,0
VEND-00163,direct,83.57,6.68,730,0.1273,0.4951,2,2,1
VEND-00164,branch,100.95,21.22,638,0.3861,0.5911,0,2,0
VEND-00165,direct,98.92,38.46,699,0.6242,0.7073,1,2,0
VEND-00166,branch,83.52,6.16,652,0.1812,0.4092,1,3,1
VEND-00167,digital_partner,68.94,19.67,636,0.2238,0.1654,0,3,1
VEND-00168,direct,93.97,22.67,616,0.222,0.6533,0,0,0
VEND-00169,direct,100.81,13.74,632,0.8204,0.2727,0,1,0
VEND-00170,direct,115.98,29.33,693,0.4387,0.2685,0,1,0
VEND-00171,broker,55.5,16.32,800,0.6545,0.7923,0,0,0
VEND-00172,direct,58.46,2.0,658,0.4289,0.4992,0,1,1
VEND-00173,broker,90.2,11.15,706,0.5378,0.595,0,3,0
VEND-00174,digital_partner,92.09,2.0,641,0.5951,0.5218,0,1,0
VEND-00175,broker,102.3,34.03,742,0.8439,0.7696,0,3,0
VEND-00176,direct,71.19,13.36,741,0.1804,0.6877,0,2,0
VEND-00177,direct,146.19,25.68,699,0.5147,0.737,1,0,0
VEND-00178,direct,88.56,21.13,621,0.7913,0.3081,0,0,0
VEND-00179,digital_partner,71.11,22.41,691,0.8298,0.5122,0,1,0
VEND-00180,broker,81.73,14.41,694,0.2869,0.6634,0,1,1
VEND-00181,digital_partner,122.95,24.94,623,0.3173,0.3159,0,4,0
VEND-00182,branch,97.58,18.1,649,0.1811,0.2848,0,2,0
VEND-00183,direct,92.25,29.63,712,0.5539,0.3125,1,5,0
VEND-00184,branch,69.07,23.51,705,0.2456,0.5208,1,1,1
VEND-00185,branch,87.11,4.33,726,0.5112,0.5269,0,1,0
VEND-00186,direct,96.73,15.62,666,0.2556,0.3836,0,2,0
VEND-00187,direct,86.94,28.97,623,0.6017,0.3924,0,1,1
VEND-00188,direct,80.94,29.19,658,0.4166,0.731,1,1,1
VEND-00189,broker,143.14,18.63,818,0.5024,0.8615,0,3,0
VEND-00190,branch,83.19,11.32,623,0.5979,0.4822,0,0,0
VEND-00191,branch,63.02,2.0,781,0.766,0.2636,1,1,0
VEND-00192,branch,134.51,20.49,796,0.2421,0.4732,0,1,0
VEND-00193,direct,95.05,16.35,778,0.4067,0.0557,0,2,0
VEND-00194,broker,103.77,19.42,689,0.7658,0.3764,1,0,0
VEND-00195,direct,109.54,18.72,616,0.2343,0.4799,0,2,0
VEND-00196,digital_partner,114.86,31.4,663,0.4167,0.5939,1,1,1
VEND-00197,branch,44.12,15.2,728,0.6323,0.4292,1,1,1
VEND-00198,digital_partner,67.86,14.84,670,0.615,0.5325,0,3,1
VEND-00199,branch,78.96,8.9,712,0.7667,0.4311,0,3,0
VEND-00200,branch,129.96,9.22,597,0.357,0.6433,0,2,0
VEND-00201,direct,80.83,16.29,797,0.6097,0.2091,0,1,0
VEND-00202,branch,80.59,23.28,696,0.1796,0.7163,0,1,0
VEND-00203,direct,81.03,13.92,646,0.2036,0.8552,0,2,1
VEND-00204,broker,105.72,17.01,683,0.7035,0.0715,0,0,0
VEND-00205,direct,114.35,2.0,673,0.4758,0.4305,0,1,0
VEND-00206,direct,65.88,3.34,602,0.5042,0.6919,1,3,0
VEND-00207,direct,114.13,8.76,729,0.1895,0.5454,0,1,0
VEND-00208,digital_partner,94.97,20.83,693,0.6785,0.5581,0,1,0
VEND-00209,digital_partner,77.42,26.18,632,0.1545,0.3026,0,0,1
VEND-00210,direct,89.16,10.67,675,0.275,0.4734,0,0,1
VEND-00211,branch,70.57,4.73,653,0.4165,0.5143,0,1,0
VEND-00212,digital_partner,125.24,15.92,667,0.3181,0.7353,2,0,1
VEND-00213,branch,86.92,9.99,659,0.2738,0.5084,1,0,0
VEND-00214,broker,91.17,2.0,703,0.3434,0.7365,0,0,0
VEND-00215,direct,76.55,31.9,690,0.2526,0.1975,1,2,0
VEND-00216,branch,50.54,23.87,710,0.6006,0.5814,2,1,0
VEND-00217,digital_partner,85.82,23.85,620,0.396,0.2515,0,2,1
VEND-00218,direct,62.24,18.89,642,0.6578,0.7542,0,1,1
VEND-00219,broker,95.18,8.79,643,0.2682,0.6657,0,0,0
VEND-00220,digital_partner,102.93,10.14,632,0.143,0.3788,0,1,0
VEND-00221,broker,92.0,2.0,679,0.6319,0.0837,0,2,0
VEND-00222,broker,53.62,20.12,681,0.8179,0.9385,0,1,0
VEND-00223,digital_partner,68.83,31.11,690,0.8217,0.4901,1,4,0
VEND-00224,branch,57.09,11.39,733,0.8109,0.2706,0,0,1
VEND-00225,direct,71.43,17.45,666,0.37,0.2582,0,1,0
VEND-00226,direct,55.69,21.28,673,0.5788,0.9117,1,1,0
VEND-00227,digital_partner,62.61,2.0,631,0.3342,0.5238,0,2,0
VEND-00228,branch,175.51,25.82,684,0.1648,0.7325,0,2,1
VEND-00229,digital_partner,97.76,24.7,761,0.2751,0.9007,2,0,0
VEND-00230,broker,85.58,9.61,703,0.1311,0.4614,0,1,0
VEND-00231,direct,78.07,22.98,600,0.6756,0.8904,0,3,0
VEND-00232,direct,75.62,15.78,701,0.1955,0.6211,1,1,0
VEND-00233,broker,112.45,5.7,818,0.5483,0.0412,1,1,0
VEND-00234,digital_partner,109.06,8.26,588,0.4756,0.356,1,1,1
VEND-00235,digital_partner,115.83,15.19,629,0.3366,0.4739,0,3,0
VEND-00236,direct,84.34,24.57,605,0.5002,0.6939,0,2,1
VEND-00237,digital_partner,116.38,16.86,649,0.6292,0.7218,0,0,0
VEND-00238,broker,109.38,2.0,733,0.531,0.8919,0,1,0
VEND-00239,digital_partner,111.15,21.78,688,0.4838,0.6715,0,1,1
VEND-00240,broker,113.19,17.14,645,0.7482,0.4096,0,1,0
VEND-00241,branch,113.94,26.72,712,0.3473,0.6992,0,2,0
VEND-00242,direct,49.24,12.5,642,0.5443,0.1159,1,1,0
VEND-00243,broker,82.93,11.67,689,0.2833,0.1204,0,1,0
VEND-00244,branch,94.55,20.33,684,0.4256,0.4198,0,1,0
VEND-00245,branch,127.0,17.94,663,0.4007,0.8008,0,1,0
VEND-00246,branch,36.58,25.26,661,0.5311,0.1764,2,1,1
VEND-00247,direct,30.03,20.37,625,0.2249,0.3874,0,0,0
VEND-00248,broker,90.41,23.66,674,0.376,0.5357,0,2,0
VEND-00249,branch,117.71,19.23,775,0.5814,0.7261,2,1,1
VEND-00250,direct,113.44,8.61,731,0.3735,0.6163,0,0,0
VEND-00251,digital_partner,82.09,13.11,647,0.3455,0.6461,1,5,0
VEND-00252,direct,58.25,17.7,812,0.4498,0.5907,0,3,0
VEND-00253,digital_partner,48.89,7.83,728,0.6447,0.6504,0,3,0
VEND-00254,broker,124.25,10.35,617,0.6257,0.5805,0,0,1
VEND-00255,broker,82.72,15.92,756,0.3366,0.8858,3,3,0
VEND-00256,branch,129.51,23.83,713,0.0844,0.5528,0,0,0
VEND-00257,branch,65.85,6.17,746,0.2003,0.6475,0,0,0
VEND-00258,branch,97.8,3.18,766,0.3248,0.5642,1,2,0
VEND-00259,digital_partner,127.78,21.19,608,0.0901,0.5658,0,2,0
VEND-00260,broker,130.21,2.0,675,0.563,0.2714,0,0,0
VEND-00261,digital_partner,105.34,14.65,672,0.7636,0.3681,1,5,0
VEND-00262,direct,72.11,16.25,651,0.4787,0.4452,2,2,0
VEND-00263,broker,137.2,11.46,693,0.426,0.3458,0,0,0
VEND-00264,broker,89.33,13.47,729,0.7632,0.7835,0,1,0
VEND-00265,branch,85.85,34.06,710,0.4591,0.7136,0,0,1
VEND-00266,broker,93.97,17.59,686,0.5442,0.4689,0,2,0
VEND-00267,direct,92.47,35.39,629,0.3994,0.0881,1,2,0
VEND-00268,direct,107.95,32.63,710,0.3776,0.8803,0,1,0
VEND-00269,digital_partner,80.62,10.82,731,0.2143,0.5026,0,4,0
VEND-00270,direct,115.45,22.5,612,0.3489,0.7892,0,0,0
VEND-00271,direct,57.39,14.34,738,0.3151,0.4938,1,0,1
VEND-00272,broker,91.55,19.65,714,0.3344,0.4454,0,3,0
VEND-00273,broker,63.82,18.86,739,0.5354,0.5126,0,0,1
VEND-00274,branch,92.8,29.04,674,0.4662,0.6533,0,2,0
VEND-00275,branch,94.24,10.42,739,0.7223,0.2015,0,1,0
VEND-00276,branch,82.87,14.86,634,0.5054,0.8108,0,1,1
VEND-00277,broker,99.15,25.89,695,0.4638,0.8584,1,1,0
VEND-00278,branch,132.61,13.63,642,0.1572,0.2155,0,2,0
VEND-00279,broker,124.34,19.65,655,0.8017,0.3735,1,1,0
VEND-00280,digital_partner,101.53,12.95,688,0.2749,0.396,1,0,0
VEND-00281,direct,68.03,16.97,638,0.4955,0.5841,0,0,0
VEND-00282,digital_partner,83.72,16.01,663,0.7139,0.8121,1,2,0
VEND-00283,digital_partner,81.25,20.08,735,0.3899,0.6921,3,1,1
VEND-00284,broker,103.8,17.73,721,0.4785,0.321,0,0,1
VEND-00285,direct,35.59,19.01,620,0.0746,0.7002,0,2,1
VEND-00286,direct,155.19,13.03,743,0.7843,0.3258,1,0,0
VEND-00287,broker,64.11,26.88,657,0.5705,0.7356,0,0,0
VEND-00288,digital_partner,96.55,27.75,630,0.442,0.6993,2,0,0
VEND-00289,branch,20.0,23.39,659,0.3955,0.5236,1,3,0
VEND-00290,branch,55.63,16.81,729,0.4036,0.6707,0,0,0
VEND-00291,broker,72.41,15.79,698,0.4491,0.8505,0,4,1
VEND-00292,direct,80.15,25.94,799,0.4337,0.9011,1,1,0
VEND-00293,digital_partner,112.6,10.8,731,0.2281,0.7944,0,2,0
VEND-00294,digital_partner,97.97,9.81,715,0.9097,0.6358,1,1,1
VEND-00295,broker,78.52,20.81,622,0.5318,0.5303,0,0,0
VEND-00296,digital_partner,97.71,2.0,623,0.4398,0.3694,0,1,0
VEND-00297,branch,97.59,17.61,656,0.4152,0.2953,0,0,0
VEND-00298,branch,52.19,8.16,656,0.322,0.4944,0,2,0
VEND-00299,branch,152.65,7.06,669,0.3335,0.1799,0,2,0
VEND-00300,branch,135.34,13.48,730,0.4277,0.3183,0,2,0
VEND-00301,broker,20.0,18.3,655,0.1194,0.7599,1,2,1
VEND-00302,direct,43.59,24.37,762,0.591,0.4975,2,0,1
VEND-00303,broker,83.41,12.01,770,0.0983,0.5908,1,2,0
VEND-00304,broker,101.35,12.6,634,0.7106,0.126,0,0,1
VEND-00305,branch,72.19,15.88,609,0.6443,0.1592,0,2,0
VEND-00306,digital_partner,60.91,9.6,801,0.2281,0.44,1,0,0
VEND-00307,broker,130.7,2.64,693,0.7529,0.7627,1,0,0
VEND-00308,branch,69.36,16.11,751,0.3771,0.5019,1,1,0
VEND-00309,broker,95.0,24.64,604,0.2259,0.8188,0,1,1
VEND-00310,direct,110.09,16.7,692,0.6255,0.6859,1,1,0
VEND-00311,digital_partner,89.69,14.56,629,0.153,0.4567,0,2,0
VEND-00312,direct,96.51,12.74,646,0.5731,0.6371,1,0,0
VEND-00313,direct,71.36,21.25,717,0.2793,0.4856,0,0,0
VEND-00314,direct,78.07,20.32,668,0.641,0.7857,0,0,0
VEND-00315,broker,90.21,9.92,738,0.3801,0.6574,1,1,0
VEND-00316,direct,112.0,9.38,750,0.24,0.6624,1,1,0
VEND-00317,branch,65.64,13.89,817,0.542,0.5296,0,0,0
VEND-00318,direct,72.4,20.82,728,0.3662,0.724,0,1,0
VEND-00319,branch,119.61,3.33,778,0.1947,0.3369,0,2,0
VEND-00320,branch,53.18,13.77,741,0.5477,0.5329,0,1,1
VEND-00321,branch,62.69,27.18,669,0.3125,0.8811,3,2,1
VEND-00322,broker,128.86,14.54,690,0.3089,0.2578,0,2,0
VEND-00323,digital_partner,98.79,18.79,596,0.4732,0.6756,3,0,0
VEND-00324,digital_partner,87.33,8.52,720,0.5611,0.2449,1,1,1
VEND-00325,direct,83.47,26.23,705,0.3856,0.3444,0,1,0
VEND-00326,digital_partner,134.34,18.83,617,0.2678,0.8738,0,0,1
VEND-00327,direct,20.0,20.31,799,0.6126,0.4487,1,2,0
VEND-00328,direct,102.21,23.84,717,0.3194,0.9045,0,0,0
VEND-00329,digital_partner,92.26,16.48,647,0.3144,0.5448,1,3,0
VEND-00330,direct,65.14,25.32,723,0.5664,0.5521,0,3,0
VEND-00331,broker,45.1,40.5,653,0.7106,0.7658,1,1,0
VEND-00332,direct,195.01,27.16,644,0.5769,0.5858,1,0,0
VEND-00333,branch,82.57,8.23,791,0.3976,0.2398,0,0,0
VEND-00334,digital_partner,84.47,17.06,707,0.2994,0.3313,0,2,0
VEND-00335,direct,65.08,30.12,753,0.4333,0.2469,0,2,0
VEND-00336,direct,64.28,14.72,648,0.814,0.5612,1,1,1
VEND-00337,digital_partner,78.66,19.31,581,0.5305,0.401,1,0,0
VEND-00338,branch,116.08,13.99,620,0.6804,0.5761,1,2,0
VEND-00339,digital_partner,62.11,21.72,615,0.6126,0.355,0,2,0
VEND-00340,digital_partner,112.05,22.68,738,0.1379,0.9297,0,2,0
VEND-00341,digital_partner,108.34,10.2,687,0.5218,0.7051,2,3,0
VEND-00342,digital_partner,139.49,21.39,611,0.6286,0.6523,0,2,0
VEND-00343,direct,27.03,20.14,692,0.5655,0.7872,0,0,0
VEND-00344,broker,107.28,6.48,710,0.5569,0.7403,0,5,0
VEND-00345,direct,98.21,19.6,597,0.6719,0.3472,1,2,1
VEND-00346,digital_partner,63.11,20.21,659,0.4018,0.567,0,3,0
VEND-00347,branch,108.9,11.15,677,0.7472,0.7037,1,0,1
VEND-00348,direct,76.62,24.24,773,0.7577,0.5344,0,2,0
VEND-00349,direct,84.37,19.21,719,0.2965,0.5012,0,0,0
VEND-00350,direct,103.14,24.69,660,0.5438,0.8393,0,0,1
VEND-00351,branch,150.83,32.41,699,0.352,0.6642,0,0,0
VEND-00352,broker,116.23,24.35,600,0.626,0.6167,0,2,0
VEND-00353,digital_partner,78.37,22.68,631,0.2072,0.2766,0,2,1
VEND-00354,branch,20.16,27.42,753,0.4563,0.846,0,1,0
VEND-00355,digital_partner,66.49,17.2,644,0.3373,0.8602,0,1,0
VEND-00356,branch,42.97,26.06,687,0.3002,0.6752,0,0,0
VEND-00357,branch,64.55,11.08,742,0.2827,0.2371,1,1,0
VEND-00358,broker,66.45,12.65,724,0.5162,0.4801,0,0,0
VEND-00359,branch,46.27,17.07,670,0.4699,0.8555,1,2,0
VEND-00360,branch,130.67,14.0,691,0.2999,0.3397,1,2,0
VEND-00361,branch,82.11,11.59,714,0.6009,0.7951,0,2,0
VEND-00362,direct,80.2,15.58,636,0.5406,0.4836,1,0,0
VEND-00363,digital_partner,31.68,10.62,613,0.4529,0.8425,0,1,0
VEND-00364,branch,101.41,18.98,646,0.4979,0.4959,0,0,1
VEND-00365,direct,66.01,19.74,672,0.338,0.4026,1,2,0
VEND-00366,broker,74.73,17.91,607,0.6045,0.3672,0,2,0
VEND-00367,direct,88.66,15.38,560,0.3435,0.773,1,2,0
VEND-00368,branch,85.85,16.95,657,0.5285,0.6164,0,1,1
VEND-00369,broker,57.45,5.75,794,0.3742,0.2584,1,2,0
VEND-00370,branch,58.04,24.69,693,0.5782,0.3482,2,3,0
VEND-00371,direct,81.45,25.36,635,0.4221,0.7249,0,0,1
VEND-00372,direct,44.59,12.6,631,0.2568,0.3298,0,0,1
VEND-00373,direct,106.35,23.27,721,0.2,0.6549,2,4,0
VEND-00374,direct,103.83,7.23,697,0.7797,0.7479,2,0,1
VEND-00375,digital_partner,119.82,9.59,695,0.277,0.5139,0,3,0
VEND-00376,digital_partner,103.74,8.76,758,0.1713,0.6268,0,1,0
VEND-00377,direct,55.67,21.58,694,0.5676,0.4103,2,1,0
VEND-00378,branch,127.82,13.28,662,0.185,0.8598,0,0,0
VEND-00379,direct,80.13,20.87,612,0.509,0.6209,1,2,1
VEND-00380,broker,71.65,14.25,723,0.1917,0.2851,1,0,0
VEND-00381,direct,39.37,36.31,713,0.1806,0.557,1,1,0
VEND-00382,digital_partner,44.24,8.42,628,0.2945,0.831,1,0,1
VEND-00383,digital_partner,111.21,20.9,668,0.3706,0.5308,0,2,0
VEND-00384,direct,108.57,20.06,775,0.5458,0.7653,0,1,0
VEND-00385,digital_partner,70.23,26.59,565,0.1358,0.3987,0,2,0
VEND-00386,digital_partner,86.01,16.32,677,0.5321,0.4495,1,1,1
VEND-00387,direct,91.85,32.82,682,0.4321,0.1657,0,2,1
VEND-00388,branch,83.35,12.83,695,0.1984,0.2056,0,0,1
VEND-00389,broker,88.14,16.02,625,0.3637,0.2139,0,1,0
VEND-00390,broker,58.02,12.76,663,0.6432,0.9668,0,1,0
VEND-00391,broker,93.53,17.53,803,0.4913,0.2958,0,1,0
VEND-00392,digital_partner,74.46,18.86,657,0.6268,0.5161,1,0,1
VEND-00393,branch,35.15,17.98,818,0.6966,0.5819,2,1,0
VEND-00394,branch,70.3,20.32,691,0.5466,0.2172,0,1,1
VEND-00395,direct,101.72,11.97,687,0.4856,0.6702,1,1,0
VEND-00396,branch,116.77,24.63,626,0.459,0.5168,1,1,1
VEND-00397,branch,51.42,12.09,670,0.0907,0.2051,0,0,0
VEND-00398,broker,62.15,10.37,623,0.7884,0.4571,1,2,1
VEND-00399,digital_partner,100.29,2.0,618,0.1891,0.5816,1,2,0
VEND-00400,direct,84.03,10.93,679,0.4542,0.3044,1,3,0
VEND-00401,direct,94.04,19.53,697,0.5734,0.7521,0,0,1
VEND-00402,direct,54.91,22.11,729,0.8716,0.7764,1,2,0
VEND-00403,direct,94.41,13.52,609,0.2337,0.8026,1,1,0
VEND-00404,branch,79.54,20.39,581,0.4281,0.7248,1,2,1
VEND-00405,broker,121.85,7.97,736,0.1833,0.541,0,2,0
VEND-00406,branch,69.44,9.01,677,0.2543,0.1776,0,2,0
VEND-00407,direct,23.81,12.07,788,0.0518,0.9045,0,2,0
VEND-00408,broker,71.04,16.76,525,0.5287,0.2307,2,2,0
VEND-00409,digital_partner,72.78,22.43,769,0.05,0.3908,0,2,1
VEND-00410,broker,97.12,24.77,703,0.3419,0.8277,0,3,0
VEND-00411,branch,99.57,22.31,736,0.2324,0.6128,0,0,0
VEND-00412,branch,150.74,31.23,660,0.6764,0.6028,0,2,0
VEND-00413,digital_partner,148.65,16.37,693,0.1712,0.3817,1,0,0
VEND-00414,branch,33.28,16.53,583,0.2899,0.6341,0,1,0
VEND-00415,direct,119.42,20.35,699,0.3658,0.5553,0,0,0
VEND-00416,broker,112.76,25.3,681,0.586,0.1014,1,2,0
VEND-00417,direct,110.95,21.41,723,0.1765,0.2308,0,2,0
VEND-00418,direct,100.31,9.43,654,0.5637,0.7267,1,3,0
VEND-00419,branch,76.93,26.57,685,0.4767,0.6369,0,3,0
VEND-00420,direct,65.87,27.69,649,0.5285,0.1679,0,2,0
VEND-00421,direct,54.73,18.4,710,0.1623,0.3891,1,2,1
VEND-00422,broker,84.82,16.35,709,0.3694,0.0937,1,2,0
VEND-00423,direct,119.65,16.19,733,0.3047,0.7821,0,1,0
VEND-00424,digital_partner,105.95,19.4,658,0.3131,0.6066,2,1,1
VEND-00425,broker,68.77,9.41,734,0.804,0.2422,1,0,0
VEND-00426,broker,78.02,14.45,706,0.8415,0.8861,0,0,0
VEND-00427,branch,86.21,40.69,702,0.3581,0.3067,1,0,0
VEND-00428,digital_partner,39.33,13.73,579,0.6177,0.6785,0,0,1
VEND-00429,digital_partner,71.3,11.33,694,0.6291,0.8838,0,2,0
VEND-00430,branch,77.14,21.04,658,0.4107,0.7378,1,3,1
VEND-00431,branch,74.56,16.39,623,0.662,0.4,0,1,1
VEND-00432,broker,136.52,11.74,650,0.4903,0.8783,0,1,0
VEND-00433,direct,72.87,21.84,735,0.3606,0.7325,0,0,0
VEND-00434,broker,68.4,17.24,692,0.5011,0.5478,1,0,0
VEND-00435,direct,76.45,16.93,719,0.2652,0.3005,0,1,1
VEND-00436,direct,61.91,25.59,671,0.3574,0.4269,2,2,1
VEND-00437,direct,91.22,25.81,812,0.7578,0.9196,0,0,0
VEND-00438,direct,74.0,22.23,755,0.6647,0.73,1,2,0
VEND-00439,branch,132.45,29.35,776,0.1405,0.1662,0,0,0
VEND-00440,digital_partner,86.75,20.25,686,0.1698,0.3415,0,3,0
VEND-00441,branch,82.99,14.92,607,0.6569,0.3494,0,1,0
VEND-00442,digital_partner,66.19,2.0,756,0.4598,0.6848,0,2,0
VEND-00443,branch,112.21,10.85,691,0.6314,0.5104,0,2,0
VEND-00444,direct,133.61,15.34,708,0.909,0.584,0,2,0
VEND-00445,branch,51.67,15.45,668,0.1791,0.7793,0,2,0
VEND-00446,direct,111.78,2.37,775,0.3514,0.4565,0,0,0
VEND-00447,broker,103.47,19.25,624,0.92,0.3182,0,2,0
VEND-00448,direct,91.03,17.12,624,0.5416,0.5296,0,0,0
VEND-00449,branch,101.71,15.4,731,0.3745,0.226,1,0,0
VEND-00450,broker,93.4,22.69,622,0.8382,0.2297,0,1,0
VEND-00451,direct,152.33,13.25,625,0.3966,0.6701,1,0,0
VEND-00452,direct,82.68,14.45,669,0.5055,0.5711,2,1,0
VEND-00453,branch,100.78,2.0,625,0.7983,0.2297,0,1,0
VEND-00454,branch,121.59,16.78,675,0.5017,0.5413,1,0,0
VEND-00455,branch,119.72,13.61,705,0.575,0.5644,0,2,0
VEND-00456,branch,86.0,19.11,759,0.4482,0.6269,0,2,0
VEND-00457,direct,124.88,2.0,781,0.5052,0.4268,1,0,0
VEND-00458,broker,97.54,4.72,731,0.811,0.1801,0,2,0
VEND-00459,branch,75.34,8.91,712,0.7053,0.6882,0,1,0
VEND-00460,branch,62.32,15.69,668,0.5944,0.2868,1,3,1
VEND-00461,direct,116.83,2.64,588,0.4496,0.4922,0,1,0
VEND-00462,broker,69.2,17.05,657,0.3224,0.5563,0,0,0
VEND-00463,broker,80.85,27.64,729,0.1689,0.6341,0,0,0
VEND-00464,direct,39.05,15.53,668,0.5715,0.8003,0,1,0
VEND-00465,broker,83.98,3.65,637,0.3474,0.8564,0,4,0
VEND-00466,digital_partner,70.42,25.72,690,0.6328,0.8467,0,0,1
VEND-00467,digital_partner,49.89,17.53,690,0.2321,0.8433,0,2,0
VEND-00468,digital_partner,120.39,14.47,752,0.252,0.481,1,2,0
VEND-00469,digital_partner,105.45,27.02,622,0.3693,0.5941,1,3,0
VEND-00470,broker,94.2,29.61,687,0.5621,0.9306,0,0,0
VEND-00471,broker,111.56,12.75,618,0.6431,0.6967,0,2,1
VEND-00472,digital_partner,101.37,22.09,745,0.0692,0.4486,0,3,0
VEND-00473,branch,65.7,15.85,723,0.05,0.2957,0,0,0
VEND-00474,direct,77.72,32.51,650,0.4092,0.5631,2,3,0
VEND-00475,digital_partner,55.83,7.5,643,0.617,0.5966,0,1,1
VEND-00476,branch,88.34,6.54,675,0.1851,0.7981,0,2,0
VEND-00477,broker,86.95,31.81,770,0.6354,0.6143,1,1,0
VEND-00478,direct,83.96,30.62,755,0.1151,0.5848,1,1,0
VEND-00479,direct,72.61,9.25,652,0.6202,0.1902,0,3,0
VEND-00480,digital_partner,112.01,23.66,748,0.5881,0.4681,2,3,0
VEND-00481,digital_partner,102.31,10.84,684,0.5957,0.5789,1,1,0
VEND-00482,direct,34.65,34.1,555,0.8392,0.8003,0,3,1
VEND-00483,branch,72.11,22.3,721,0.8031,0.3627,0,0,1
VEND-00484,digital_partner,38.46,27.29,686,0.3288,0.5642,0,2,0
VEND-00485,broker,96.84,21.02,606,0.5702,0.4554,0,0,0
VEND-00486,broker,87.01,19.93,581,0.5077,0.1571,0,1,1
VEND-00487,digital_partner,145.21,10.03,630,0.3213,0.3955,1,2,1
VEND-00488,direct,92.25,11.83,682,0.42,0.7281,2,2,0
VEND-00489,direct,128.85,14.34,690,0.2596,0.5141,1,2,0
VEND-00490,direct,117.22,13.49,735,0.3928,0.9127,0,2,0
VEND-00491,digital_partner,31.73,18.72,651,0.7133,0.3137,0,1,0
VEND-00492,branch,98.37,17.59,660,0.5179,0.7121,0,0,1
VEND-00493,broker,64.09,16.69,681,0.4387,0.5016,1,1,0
VEND-00494,digital_partner,114.92,11.61,624,0.3775,0.318,0,3,0
VEND-00495,branch,143.48,16.21,622,0.3745,0.5923,0,2,1
VEND-00496,branch,94.21,10.79,739,0.2811,0.5059,0,1,0
VEND-00497,direct,95.59,8.03,766,0.6783,0.7064,0,3,0
VEND-00498,broker,78.27,18.31,546,0.3656,0.3121,0,0,1
VEND-00499,broker,73.84,19.32,641,0.3293,0.9621,0,1,1
VEND-00500,branch,35.32,18.49,616,0.0538,0.6438,1,1,0
VEND-00501,digital_partner,96.98,20.13,649,0.1508,0.3143,0,3,0
VEND-00502,direct,107.99,19.97,675,0.8828,0.3335,0,0,0
VEND-00503,broker,77.51,25.69,670,0.562,0.7503,0,2,1
VEND-00504,broker,75.26,24.39,682,0.5934,0.7961,1,1,0
VEND-00505,branch,84.28,6.41,725,0.3342,0.3888,0,1,0
VEND-00506,branch,119.21,20.11,614,0.1455,0.3746,1,2,1
VEND-00507,direct,93.83,5.85,673,0.1819,0.437,1,3,0
VEND-00508,direct,91.09,21.4,679,0.4414,0.8032,1,1,1
VEND-00509,digital_partner,99.98,14.32,649,0.2951,0.544,0,3,0
VEND-00510,broker,30.47,19.91,636,0.438,0.588,0,1,0
VEND-00511,digital_partner,128.68,25.87,659,0.1943,0.4778,0,2,0
VEND-00512,branch,65.65,24.7,653,0.442,0.2321,0,5,1
VEND-00513,broker,72.52,23.7,713,0.2483,0.4862,0,1,0
VEND-00514,digital_partner,64.54,9.91,745,0.2641,0.5428,0,2,0
VEND-00515,digital_partner,92.94,19.52,732,0.4302,0.5984,0,1,0
VEND-00516,digital_partner,57.72,24.15,623,0.465,0.9447,0,1,0
VEND-00517,digital_partner,113.36,11.63,647,0.5269,0.8551,0,2,0
VEND-00518,digital_partner,113.57,13.93,684,0.1827,0.6324,1,3,0
VEND-00519,broker,46.04,13.79,652,0.3606,0.6003,0,0,0
VEND-00520,branch,51.33,31.78,818,0.6851,0.4253,0,2,0
VEND-00521,digital_partner,92.19,25.32,619,0.5016,0.5467,1,1,0
VEND-00522,branch,117.21,5.88,718,0.4523,0.9451,0,2,0
VEND-00523,branch,128.25,20.19,726,0.7512,0.4282,0,1,1
VEND-00524,direct,84.39,15.38,665,0.3442,0.2181,0,2,0
VEND-00525,direct,112.62,3.39,642,0.2436,0.5958,0,2,0
VEND-00526,branch,99.17,31.18,618,0.0867,0.2404,0,1,0
VEND-00527,digital_partner,109.95,19.92,691,0.7296,0.5506,0,4,0
VEND-00528,branch,108.67,14.73,746,0.4695,0.818,0,0,0
VEND-00529,broker,61.81,23.38,792,0.5354,0.5918,1,1,1
VEND-00530,digital_partner,101.91,17.17,625,0.2922,0.2035,1,2,0
VEND-00531,branch,42.74,25.88,716,0.1724,0.6452,0,2,0
VEND-00532,direct,77.2,7.05,563,0.6658,0.8153,0,0,0
VEND-00533,broker,70.65,6.73,637,0.4058,0.4089,0,2,1
VEND-00534,broker,85.54,18.83,691,0.3484,0.5811,0,2,0
VEND-00535,branch,112.64,20.3,559,0.5508,0.2742,1,0,0
VEND-00536,branch,109.27,29.06,737,0.2791,0.3957,1,0,0
VEND-00537,digital_partner,74.29,18.47,818,0.1464,0.5537,0,0,0
VEND-00538,broker,159.16,7.25,659,0.455,0.8677,0,1,0
VEND-00539,digital_partner,95.6,13.03,780,0.2699,0.7393,1,3,0
VEND-00540,direct,109.91,22.56,569,0.4441,0.0715,0,2,0
VEND-00541,direct,55.28,8.23,631,0.5051,0.7635,0,0,0
VEND-00542,broker,146.52,19.43,725,0.5734,0.8186,0,1,0
VEND-00543,digital_partner,111.32,7.04,691,0.4862,0.6914,0,0,0
VEND-00544,branch,154.57,11.75,725,0.371,0.5712,0,2,0
VEND-00545,branch,114.7,16.99,613,0.2729,0.6295,0,0,1
VEND-00546,digital_partner,125.33,20.77,670,0.3208,0.7124,0,2,0
VEND-00547,digital_partner,39.6,25.8,643,0.5807,0.7601,1,1,0
VEND-00548,branch,136.46,25.19,675,0.2022,0.6928,1,3,0
VEND-00549,direct,55.94,17.65,685,0.1638,0.6104,2,0,1
VEND-00550,branch,127.56,25.69,560,0.8362,0.1218,1,2,0
VEND-00551,branch,57.7,19.89,707,0.8162,0.9192,1,6,0
VEND-00552,branch,80.7,22.25,686,0.267,0.6262,0,2,0
VEND-00553,branch,80.51,2.0,652,0.2464,0.4286,0,2,0
VEND-00554,branch,173.76,21.98,658,0.2187,0.4447,0,1,1
VEND-00555,direct,122.3,8.08,765,0.5356,0.543,0,0,0
VEND-00556,direct,90.2,33.52,698,0.459,0.2343,1,1,0
VEND-00557,broker,67.25,29.28,736,0.8844,0.2269,0,5,0
VEND-00558,digital_partner,49.87,15.09,638,0.4977,0.6538,2,2,1
VEND-00559,direct,66.02,16.62,690,0.6857,0.7733,2,2,1
VEND-00560,digital_partner,78.26,26.4,701,0.2099,0.413,0,4,0
VEND-00561,branch,157.84,8.59,685,0.3279,0.8668,0,0,0
VEND-00562,direct,143.15,8.53,665,0.2581,0.3111,0,1,1
VEND-00563,direct,91.88,19.13,710,0.2959,0.5183,0,0,1
VEND-00564,direct,39.79,24.45,638,0.4343,0.4638,0,0,0
VEND-00565,broker,62.77,27.43,688,0.7403,0.7381,0,1,0
VEND-00566,branch,104.68,16.35,577,0.291,0.4399,0,1,0
VEND-00567,digital_partner,108.1,10.67,634,0.3442,0.4685,0,0,0
VEND-00568,branch,94.93,21.82,734,0.5316,0.7306,2,1,0
VEND-00569,branch,83.37,18.48,601,0.3141,0.5118,0,0,0
VEND-00570,broker,82.13,8.01,727,0.2844,0.6213,0,1,0
VEND-00571,branch,76.83,20.51,647,0.379,0.531,0,1,0
VEND-00572,branch,95.97,10.79,701,0.6452,0.8047,0,3,0
VEND-00573,digital_partner,93.97,29.02,716,0.2478,0.8122,0,4,0
VEND-00574,branch,117.79,21.18,639,0.4594,0.483,0,1,0
VEND-00575,direct,127.55,25.21,672,0.3149,0.4498,0,1,0
VEND-00576,broker,83.56,17.39,698,0.2949,0.4686,0,1,0
VEND-00577,digital_partner,88.42,20.43,691,0.3344,0.8167,1,2,0
VEND-00578,branch,64.14,14.52,716,0.7062,0.7561,0,0,0
VEND-00579,branch,86.43,12.41,643,0.4503,0.1417,0,1,0
VEND-00580,branch,55.25,14.58,710,0.212,0.6863,2,0,1
VEND-00581,branch,124.71,2.0,658,0.1798,0.8604,0,1,0
VEND-00582,direct,106.84,9.06,618,0.8125,0.4862,0,1,0
VEND-00583,digital_partner,45.85,13.7,664,0.417,0.6381,1,3,0
VEND-00584,direct,25.39,18.53,717,0.7735,0.2651,2,3,0
VEND-00585,direct,103.51,14.83,700,0.3843,0.6099,0,0,0
VEND-00586,digital_partner,142.3,12.57,639,0.4489,0.3934,1,4,1
VEND-00587,direct,78.35,28.17,731,0.4302,0.2033,0,1,0
VEND-00588,digital_partner,71.59,11.47,620,0.2462,0.3526,1,2,0
VEND-00589,broker,101.6,16.75,713,0.1537,0.8598,0,0,0
VEND-00590,direct,73.62,17.96,669,0.6109,0.3744,0,1,0
VEND-00591,broker,104.34,20.87,704,0.3238,0.4408,3,0,0
VEND-00592,direct,94.84,28.44,741,0.29,0.5991,1,1,0
VEND-00593,broker,80.81,17.31,674,0.6594,0.4506,0,1,1
VEND-00594,digital_partner,73.62,15.25,772,0.6367,0.2428,0,1,0
VEND-00595,direct,85.49,16.17,696,0.1456,0.5342,0,1,1
VEND-00596,digital_partner,108.16,16.06,729,0.3052,0.478,0,0,1
VEND-00597,direct,86.16,19.94,729,0.2692,0.5462,0,0,0
VEND-00598,branch,107.87,4.73,757,0.2005,0.6582,0,2,0
VEND-00599,direct,110.95,19.42,615,0.4467,0.9105,0,1,0
VEND-00600,branch,29.57,4.52,780,0.6092,0.4198,0,2,0
VEND-00601,direct,93.39,12.11,785,0.1485,0.4832,1,1,0
VEND-00602,broker,78.97,12.75,719,0.714,0.5779,0,0,0
VEND-00603,digital_partner,66.17,27.72,595,0.2363,0.2206,1,0,1
VEND-00604,branch,154.61,15.31,744,0.1609,0.3868,2,2,1
VEND-00605,broker,85.1,10.62,711,0.4308,0.4114,0,3,0
VEND-00606,digital_partner,107.35,11.23,700,0.0727,0.3197,0,0,1
VEND-00607,branch,82.97,15.82,660,0.7478,0.4008,2,0,0
VEND-00608,branch,98.85,7.89,710,0.301,0.5502,0,0,0
VEND-00609,broker,81.45,19.68,671,0.4555,0.515,0,2,1
VEND-00610,direct,47.49,21.13,691,0.5071,0.3359,1,0,1
VEND-00611,digital_partner,101.72,22.42,717,0.6068,0.573,0,2,0
VEND-00612,direct,47.33,33.07,733,0.4738,0.3965,1,0,0
VEND-00613,digital_partner,54.17,8.7,688,0.4272,0.5327,0,2,0
VEND-00614,broker,93.95,5.74,641,0.6988,0.4181,1,2,0
VEND-00615,digital_partner,102.05,12.65,668,0.3244,0.7654,1,2,1
VEND-00616,direct,29.47,13.51,730,0.6791,0.3093,0,0,0
VEND-00617,broker,119.97,9.96,781,0.5266,0.3946,2,1,0
VEND-00618,branch,53.9,7.78,652,0.2964,0.8321,2,0,0
VEND-00619,digital_partner,32.81,16.7,585,0.5825,0.2882,2,0,0
VEND-00620,branch,59.46,25.18,695,0.2556,0.7611,1,1,0
VEND-00621,branch,96.72,11.66,620,0.2095,0.4869,0,1,0
VEND-00622,branch,105.91,23.87,685,0.2296,0.4124,0,0,0
VEND-00623,direct,39.41,8.13,716,0.4069,0.6761,0,2,0
VEND-00624,direct,75.66,14.1,689,0.8374,0.6424,0,1,1
VEND-00625,broker,90.01,29.26,779,0.3755,0.3791,0,2,0
VEND-00626,direct,95.68,16.42,669,0.3227,0.7657,1,1,0
VEND-00627,broker,114.96,29.29,653,0.2496,0.4311,0,1,0
VEND-00628,broker,20.0,14.67,705,0.4172,0.4701,1,3,0
VEND-00629,direct,66.77,21.92,682,0.8929,0.2705,0,3,0
VEND-00630,digital_partner,134.26,17.19,694,0.3743,0.7512,1,0,0
VEND-00631,direct,119.81,19.03,651,0.5184,0.7555,1,0,1
VEND-00632,branch,126.45,5.96,670,0.2139,0.875,0,2,0
VEND-00633,branch,88.98,17.82,653,0.203,0.7418,1,3,1
VEND-00634,branch,83.41,33.35,655,0.4768,0.5824,0,3,1
VEND-00635,branch,111.6,21.99,692,0.4607,0.4993,2,2,0
VEND-00636,digital_partner,85.67,24.83,666,0.394,0.6581,1,0,0
VEND-00637,direct,63.98,27.63,704,0.215,0.4455,2,0,0
VEND-00638,broker,107.71,12.03,679,0.6703,0.97,0,1,0
VEND-00639,broker,111.5,9.89,695,0.3644,0.743,0,0,0
VEND-00640,branch,45.27,17.54,663,0.444,0.6105,0,0,0
VEND-00641,branch,127.21,13.17,697,0.4659,0.4314,0,0,0
VEND-00642,direct,77.91,12.59,643,0.5408,0.3703,2,0,0
VEND-00643,direct,72.78,15.28,645,0.4841,0.361,0,1,0
VEND-00644,direct,63.27,24.15,704,0.5981,0.4284,0,1,0
VEND-00645,digital_partner,108.07,22.66,592,0.05,0.2163,0,0,0
VEND-00646,branch,122.45,26.73,730,0.6882,0.7662,1,0,0
VEND-00647,branch,120.66,29.12,654,0.7853,0.5205,1,2,0
VEND-00648,direct,52.31,14.66,703,0.2733,0.7277,0,1,0
VEND-00649,branch,102.12,10.73,753,0.6588,0.6231,2,0,1
VEND-00650,direct,103.48,17.59,713,0.0692,0.6952,0,2,0
VEND-00651,branch,111.64,13.83,785,0.826,0.2825,1,2,0
VEND-00652,branch,89.34,28.02,760,0.5032,0.0643,0,1,0
VEND-00653,digital_partner,48.06,25.03,703,0.486,0.3126,0,0,0
VEND-00654,broker,39.6,11.27,686,0.2218,0.5206,0,0,0
VEND-00655,direct,164.47,23.22,674,0.2623,0.6316,2,1,0
VEND-00656,digital_partner,108.97,19.0,625,0.6378,0.7376,0,3,1
VEND-00657,branch,100.93,15.83,639,0.6004,0.6205,0,3,0
VEND-00658,direct,63.43,22.61,625,0.4654,0.7455,1,0,0
VEND-00659,digital_partner,105.07,9.29,645,0.5087,0.8529,0,2,1
VEND-00660,direct,107.12,15.24,648,0.6009,0.5498,0,0,0
VEND-00661,branch,158.07,2.0,686,0.2994,0.3281,2,1,0
VEND-00662,branch,88.19,11.83,691,0.8681,0.5408,0,2,0
VEND-00663,broker,120.49,15.13,748,0.4348,0.8962,0,0,0
VEND-00664,branch,91.85,10.34,742,0.1999,0.4331,0,1,0
VEND-00665,branch,91.03,7.21,687,0.63,0.2322,1,1,0
VEND-00666,direct,109.56,24.62,583,0.405,0.6947,0,0,0
VEND-00667,branch,47.02,14.99,536,0.2756,0.7086,0,3,1
VEND-00668,branch,123.93,18.94,663,0.6717,0.354,0,1,0
VEND-00669,direct,94.46,12.23,645,0.258,0.9427,0,2,0
VEND-00670,direct,55.5,16.13,756,0.3076,0.4514,0,0,0
VEND-00671,branch,97.89,26.57,550,0.5497,0.5639,0,1,1
VEND-00672,broker,97.66,9.67,735,0.4715,0.4671,0,0,0
VEND-00673,branch,87.13,13.61,695,0.0945,0.7988,0,0,1
VEND-00674,branch,106.06,19.68,681,0.3999,0.8504,1,1,0
VEND-00675,branch,38.34,15.82,666,0.3145,0.4225,0,1,0
VEND-00676,direct,95.41,21.86,700,0.515,0.4993,0,0,0
VEND-00677,broker,104.55,17.14,691,0.4613,0.1052,0,0,1
VEND-00678,direct,66.32,5.77,647,0.5977,0.6305,0,2,0
VEND-00679,branch,111.54,18.04,736,0.2887,0.6529,2,1,0
VEND-00680,digital_partner,56.89,20.77,676,0.3659,0.9057,0,4,0
VEND-00681,direct,112.14,18.54,598,0.683,0.7558,1,2,0
VEND-00682,branch,142.65,25.13,681,0.3732,0.722,0,0,0
VEND-00683,direct,37.6,2.0,659,0.2532,0.3356,0,2,0
VEND-00684,direct,112.95,11.87,792,0.2084,0.9128,0,1,0
VEND-00685,branch,106.04,20.36,585,0.5558,0.5329,1,3,0
VEND-00686,direct,91.04,26.69,702,0.3593,0.2692,0,0,1
VEND-00687,direct,144.57,3.81,634,0.3999,0.089,0,2,0
VEND-00688,broker,45.56,21.44,666,0.3795,0.4468,1,2,0
VEND-00689,digital_partner,86.05,16.52,675,0.1525,0.7112,0,1,0
VEND-00690,digital_partner,33.85,19.15,772,0.5748,0.5054,0,3,0
VEND-00691,branch,20.68,2.0,661,0.1599,0.8712,1,1,0
VEND-00692,direct,106.06,18.13,696,0.5562,0.4646,1,1,0
VEND-00693,direct,84.14,15.28,599,0.7621,0.7392,0,1,0
VEND-00694,branch,90.82,2.24,610,0.5805,0.5243,0,3,1
VEND-00695,direct,130.2,20.31,716,0.5405,0.7145,2,1,1
VEND-00696,digital_partner,68.8,20.29,662,0.2315,0.9239,0,0,0
VEND-00697,direct,93.29,14.18,637,0.3667,0.7527,1,2,1
VEND-00698,branch,101.41,31.83,678,0.2292,0.578,1,1,0
VEND-00699,branch,127.57,26.83,690,0.3829,0.6302,1,2,0
VEND-00700,direct,62.57,2.0,684,0.2519,0.4221,0,0,0
VEND-00701,direct,95.3,14.77,630,0.2692,0.3302,0,0,0
VEND-00702,broker,118.58,14.08,641,0.4922,0.9667,0,1,0
VEND-00703,branch,20.0,23.49,658,0.4318,0.4917,2,3,0
VEND-00704,digital_partner,127.31,26.59,687,0.6836,0.7687,1,1,1
VEND-00705,branch,128.6,17.16,703,0.3091,0.8836,2,1,0
VEND-00706,branch,85.03,20.1,730,0.3779,0.5864,0,0,1
VEND-00707,branch,71.38,32.76,713,0.6183,0.2094,0,0,0
VEND-00708,broker,58.14,21.16,735,0.2699,0.5853,1,1,0
VEND-00709,direct,32.4,13.88,611,0.0966,0.8081,0,1,0
VEND-00710,branch,96.73,17.43,571,0.3278,0.629,0,2,0
VEND-00711,branch,89.5,19.02,609,0.4314,0.6654,0,0,0
VEND-00712,digital_partner,97.83,12.74,539,0.2323,0.3256,0,1,1
VEND-00713,direct,53.18,11.79,726,0.4267,0.3051,3,0,1
VEND-00714,branch,143.85,17.13,675,0.5959,0.4352,1,0,0
VEND-00715,branch,126.45,23.07,637,0.2805,0.5883,0,1,1
VEND-00716,direct,100.71,14.9,722,0.81,0.3639,1,1,0
VEND-00717,direct,103.8,12.26,573,0.3899,0.5322,0,1,0
VEND-00718,digital_partner,75.02,11.04,746,0.4228,0.3448,0,1,0
VEND-00719,digital_partner,75.62,8.46,677,0.7156,0.4707,0,1,0
VEND-00720,digital_partner,118.11,24.44,751,0.2869,0.3459,0,1,0
VEND-00721,direct,67.63,6.68,655,0.3405,0.5894,1,1,1
VEND-00722,direct,114.62,23.45,674,0.2629,0.7503,0,1,0
VEND-00723,branch,117.12,34.4,649,0.0645,0.4473,0,1,1
VEND-00724,branch,101.8,5.56,626,0.5775,0.6387,1,1,0
VEND-00725,direct,71.76,4.49,678,0.3269,0.8467,0,2,0
VEND-00726,broker,99.55,13.66,653,0.4606,0.357,0,0,0
VEND-00727,branch,94.17,13.8,691,0.1,0.2891,0,0,0
VEND-00728,direct,49.6,18.85,739,0.402,0.3668,0,1,0
VEND-00729,direct,84.11,15.74,737,0.92,0.3944,1,1,0
VEND-00730,digital_partner,105.87,11.87,530,0.6787,0.4901,0,1,0
VEND-00731,direct,88.67,22.0,543,0.4855,0.4896,0,2,0
VEND-00732,direct,83.39,13.22,726,0.4923,0.4673,1,1,0
VEND-00733,broker,95.33,18.57,791,0.47,0.5349,0,6,0
VEND-00734,digital_partner,122.34,12.59,659,0.2946,0.6474,1,6,0
VEND-00735,branch,59.76,2.0,679,0.2546,0.4753,2,0,0
VEND-00736,branch,124.4,21.3,619,0.6119,0.7043,0,1,1
VEND-00737,branch,67.02,22.68,678,0.5008,0.305,1,1,0
VEND-00738,branch,52.25,12.5,630,0.2329,0.5801,0,1,1
VEND-00739,branch,97.75,17.48,799,0.3532,0.6531,0,1,0
VEND-00740,broker,58.64,11.14,818,0.1785,0.2475,0,4,0
VEND-00741,direct,57.11,5.71,680,0.8344,0.7339,1,1,0
VEND-00742,broker,76.2,35.01,643,0.895,0.4379,0,1,0
VEND-00743,digital_partner,124.79,19.61,619,0.3999,0.3619,1,0,0
VEND-00744,direct,124.95,21.13,747,0.0973,0.7762,0,3,0
VEND-00745,direct,50.48,28.69,710,0.2431,0.7651,0,1,0
VEND-00746,broker,76.87,29.06,741,0.4386,0.5247,0,0,0
VEND-00747,broker,90.43,2.0,692,0.5942,0.4855,0,3,1
VEND-00748,digital_partner,85.26,5.32,625,0.4093,0.4027,0,2,0
VEND-00749,digital_partner,21.29,18.27,635,0.2637,0.8269,0,2,0
VEND-00750,direct,65.67,34.45,780,0.1319,0.4861,0,2,0
VEND-00751,digital_partner,111.84,21.13,710,0.4554,0.5622,1,0,0
VEND-00752,broker,170.75,16.0,780,0.4093,0.8417,2,0,0
VEND-00753,broker,105.11,9.57,640,0.2842,0.7345,0,2,0
VEND-00754,broker,70.03,15.0,700,0.513,0.7552,1,1,0
VEND-00755,digital_partner,82.61,20.78,651,0.6539,0.5813,0,0,0
VEND-00756,branch,90.56,22.7,784,0.3832,0.671,0,1,0
VEND-00757,branch,119.13,23.38,782,0.1029,0.7475,2,3,1
VEND-00758,broker,111.25,17.77,633,0.3578,0.7206,0,0,0
VEND-00759,branch,37.49,10.37,640,0.2285,0.2691,0,1,0
VEND-00760,branch,111.07,27.0,709,0.5528,0.4286,1,0,0
VEND-00761,branch,37.3,10.19,680,0.5915,0.6021,0,1,1
VEND-00762,broker,62.45,10.96,736,0.2011,0.6403,0,0,0
VEND-00763,direct,85.48,22.89,678,0.8014,0.3295,0,2,1
VEND-00764,direct,86.53,24.51,667,0.4535,0.4601,0,4,0
VEND-00765,broker,29.1,21.84,638,0.4562,0.3382,1,1,0
VEND-00766,direct,140.77,4.7,732,0.1238,0.3536,0,0,1
VEND-00767,direct,137.31,13.14,761,0.6675,0.5774,1,0,0
VEND-00768,branch,91.82,12.29,649,0.1203,0.1597,0,1,0
VEND-00769,broker,78.55,12.92,781,0.836,0.4817,1,1,1
VEND-00770,branch,96.07,12.4,684,0.131,0.3543,0,3,0
VEND-00771,direct,109.04,19.4,593,0.2812,0.6231,2,2,0
VEND-00772,branch,44.01,18.65,685,0.2781,0.9106,3,0,1
VEND-00773,direct,69.32,31.45,738,0.6273,0.742,0,1,0
VEND-00774,direct,50.22,24.62,733,0.5797,0.2114,0,0,0
VEND-00775,digital_partner,69.27,10.66,634,0.3156,0.6543,0,1,0
VEND-00776,branch,77.82,19.57,582,0.4452,0.7015,0,2,0
VEND-00777,branch,129.71,9.41,724,0.2254,0.5337,0,3,0
VEND-00778,direct,65.29,22.14,731,0.401,0.9411,1,1,1
VEND-00779,digital_partner,99.21,30.14,720,0.3545,0.97,0,2,0
VEND-00780,broker,115.02,20.85,784,0.7123,0.6212,1,1,0
VEND-00781,broker,74.78,11.45,668,0.2768,0.8356,1,2,0
VEND-00782,branch,171.45,19.18,757,0.1986,0.7737,0,0,0
VEND-00783,branch,47.78,20.82,736,0.1299,0.3597,1,1,0
VEND-00784,broker,115.21,25.91,667,0.6872,0.5116,0,1,0
VEND-00785,broker,115.04,19.81,757,0.4143,0.155,1,1,0
VEND-00786,branch,58.04,18.5,625,0.2427,0.7406,1,4,0
VEND-00787,direct,83.91,36.18,697,0.4271,0.5316,1,0,0
VEND-00788,direct,75.29,2.0,738,0.5489,0.4913,0,1,0
VEND-00789,branch,71.22,22.44,684,0.5655,0.6817,0,0,0
VEND-00790,broker,100.9,14.82,688,0.1755,0.3803,0,1,1
VEND-00791,direct,80.78,24.69,702,0.1353,0.7933,0,1,1
VEND-00792,broker,105.61,5.15,745,0.6928,0.8021,0,4,0
VEND-00793,direct,87.75,24.55,661,0.3914,0.7188,1,1,0
VEND-00794,digital_partner,101.88,31.58,680,0.4045,0.4339,0,4,0
VEND-00795,direct,103.0,14.94,678,0.0796,0.6195,0,2,0
VEND-00796,direct,159.43,19.47,773,0.3959,0.6226,0,2,0
VEND-00797,digital_partner,58.11,26.12,594,0.2167,0.8571,0,1,0
VEND-00798,direct,108.65,19.56,758,0.5933,0.3136,0,1,0
VEND-00799,branch,63.89,12.01,644,0.6966,0.4997,1,1,0
VEND-00800,branch,84.86,18.94,778,0.4893,0.7589,0,0,0
VEND-00801,broker,73.23,5.96,635,0.3812,0.5399,1,2,0
VEND-00802,direct,103.76,8.01,718,0.0629,0.5693,2,3,0
VEND-00803,broker,88.74,11.26,696,0.6293,0.2178,0,1,0
VEND-00804,broker,90.94,15.93,809,0.2554,0.9427,0,0,0
VEND-00805,broker,111.13,14.32,756,0.35,0.686,0,2,1
VEND-00806,broker,81.43,14.16,721,0.92,0.0985,1,3,0
VEND-00807,direct,79.46,33.59,708,0.221,0.541,1,1,1
VEND-00808,direct,89.18,16.37,713,0.6343,0.6432,0,3,0
VEND-00809,broker,132.9,23.28,683,0.2792,0.1096,0,0,0
VEND-00810,direct,62.3,18.25,609,0.3263,0.3627,0,3,0
VEND-00811,direct,38.71,11.43,675,0.2636,0.2149,0,2,0
VEND-00812,direct,82.65,17.48,693,0.3806,0.2558,1,1,0
VEND-00813,branch,62.16,5.84,666,0.3066,0.469,0,3,0
VEND-00814,branch,151.72,13.72,742,0.5722,0.7188,0,3,0
VEND-00815,direct,124.94,17.37,723,0.1744,0.5153,1,0,0
VEND-00816,digital_partner,143.59,24.25,710,0.4241,0.2852,0,0,0
VEND-00817,branch,112.39,16.91,632,0.5707,0.7223,0,1,0
VEND-00818,branch,134.37,9.83,682,0.3259,0.97,0,1,0
VEND-00819,branch,108.12,17.75,622,0.1807,0.4584,1,2,1
VEND-00820,branch,94.4,14.39,773,0.6829,0.635,1,0,0
VEND-00821,broker,73.03,23.0,678,0.1911,0.2456,0,2,0
VEND-00822,digital_partner,93.5,24.02,594,0.7707,0.3179,0,1,0
VEND-00823,broker,122.66,20.66,786,0.3932,0.7282,0,2,0
VEND-00824,direct,111.74,22.24,716,0.0507,0.2338,0,0,0
VEND-00825,branch,160.18,26.22,664,0.6379,0.6716,0,0,1
VEND-00826,direct,47.72,8.53,655,0.624,0.8828,0,1,0
VEND-00827,direct,114.68,26.14,575,0.5566,0.7199,0,1,1
VEND-00828,branch,133.18,25.94,665,0.3881,0.2192,0,2,0
VEND-00829,branch,114.52,14.72,651,0.3965,0.0847,0,0,0
VEND-00830,broker,66.16,2.0,553,0.6165,0.5438,1,0,0
VEND-00831,direct,132.76,22.0,609,0.2759,0.6835,1,0,1
VEND-00832,direct,120.05,10.76,685,0.347,0.5946,0,1,0
VEND-00833,branch,75.42,23.82,564,0.2056,0.7312,1,2,1
VEND-00834,broker,20.0,2.0,749,0.4657,0.9221,0,2,0
VEND-00835,broker,26.97,18.57,818,0.4246,0.577,0,0,0
VEND-00836,branch,38.78,19.03,707,0.5299,0.1816,0,1,0
VEND-00837,direct,107.88,30.03,739,0.4344,0.2151,1,1,0
VEND-00838,direct,159.94,15.17,644,0.2236,0.8745,0,2,0
VEND-00839,branch,117.53,6.74,642,0.6101,0.8905,0,1,0
VEND-00840,direct,143.99,16.42,711,0.5349,0.3216,2,4,1
VEND-00841,digital_partner,125.26,24.55,726,0.2308,0.3214,0,0,0
VEND-00842,branch,35.63,12.91,653,0.1478,0.7123,0,2,0
VEND-00843,direct,54.16,27.26,620,0.639,0.8762,0,2,0
VEND-00844,branch,65.54,13.83,784,0.3873,0.6816,0,0,0
VEND-00845,digital_partner,114.45,2.0,654,0.5496,0.695,0,2,0
VEND-00846,digital_partner,84.95,19.65,637,0.7816,0.6253,0,1,0
VEND-00847,direct,70.7,2.0,685,0.2798,0.7283,0,1,0
VEND-00848,direct,49.83,3.17,674,0.214,0.5976,0,2,1
VEND-00849,direct,102.78,12.65,749,0.3398,0.6456,0,0,0
VEND-00850,digital_partner,119.1,19.25,746,0.5283,0.5582,1,4,0
VEND-00851,branch,99.73,10.47,675,0.5932,0.5055,1,1,0
VEND-00852,branch,91.16,14.74,654,0.4271,0.7819,1,1,1
VEND-00853,branch,84.37,25.62,692,0.5626,0.8389,0,0,1
VEND-00854,broker,71.65,15.74,735,0.6346,0.4293,0,4,0
VEND-00855,branch,84.14,19.84,647,0.4873,0.6409,1,2,0
VEND-00856,direct,102.7,5.75,594,0.2115,0.4078,0,0,1
VEND-00857,branch,67.6,5.79,622,0.4618,0.4595,0,2,0
VEND-00858,branch,66.6,7.01,644,0.5775,0.9207,0,0,0
VEND-00859,branch,93.11,14.68,745,0.6204,0.6663,0,3,0
VEND-00860,digital_partner,96.41,15.72,740,0.4272,0.2783,1,1,1
VEND-00861,broker,113.13,13.41,726,0.1919,0.8075,0,2,0
VEND-00862,digital_partner,124.49,21.47,713,0.7289,0.2226,1,1,0
VEND-00863,branch,53.85,25.61,684,0.8017,0.6486,0,1,1
VEND-00864,branch,95.24,5.75,712,0.4924,0.3485,0,0,0
VEND-00865,branch,94.39,19.35,683,0.5378,0.3285,1,0,0
VEND-00866,branch,97.09,27.53,672,0.141,0.7749,0,0,0
VEND-00867,direct,113.66,29.4,684,0.618,0.8829,0,1,0
VEND-00868,direct,150.48,13.68,612,0.7289,0.2934,2,1,1
VEND-00869,broker,152.56,11.21,652,0.5608,0.6251,0,0,0
VEND-00870,branch,124.7,13.76,561,0.5278,0.3722,0,1,0
VEND-00871,branch,142.9,5.86,755,0.4148,0.0598,1,3,0
VEND-00872,direct,21.75,16.23,615,0.1807,0.365,0,0,1
VEND-00873,direct,117.14,16.62,639,0.6449,0.8179,0,2,0
VEND-00874,direct,135.62,14.67,732,0.5261,0.483,1,0,0
VEND-00875,branch,72.4,21.5,682,0.1306,0.6269,0,1,0
VEND-00876,direct,115.64,14.53,687,0.2002,0.3244,0,4,0
VEND-00877,direct,82.58,16.93,706,0.1771,0.4719,0,2,1
VEND-00878,broker,144.33,20.07,788,0.1235,0.6486,0,1,0
VEND-00879,branch,98.52,24.52,674,0.2165,0.5281,0,1,0
VEND-00880,digital_partner,111.82,16.43,713,0.4929,0.3212,1,1,0
VEND-00881,broker,80.76,22.93,663,0.7278,0.6657,1,2,1
VEND-00882,direct,98.8,10.71,678,0.7207,0.3313,0,1,0
VEND-00883,direct,79.19,22.82,700,0.3625,0.6287,2,0,0
VEND-00884,direct,48.49,14.58,727,0.1923,0.456,0,3,0
VEND-00885,direct,137.01,11.89,685,0.4435,0.4593,1,0,0
VEND-00886,branch,63.16,4.62,632,0.3688,0.4953,1,1,0
VEND-00887,branch,63.66,2.0,717,0.2301,0.3243,0,1,0
VEND-00888,branch,68.36,19.62,632,0.0954,0.8467,0,3,0
VEND-00889,branch,67.52,26.21,678,0.2303,0.396,1,0,0
VEND-00890,direct,141.04,10.48,688,0.05,0.2195,0,0,0
VEND-00891,direct,114.89,23.22,741,0.6189,0.3294,0,0,0
VEND-00892,branch,103.06,14.28,713,0.5535,0.695,0,2,0
VEND-00893,branch,65.71,24.07,688,0.8297,0.2436,2,1,0
VEND-00894,branch,150.12,31.33,741,0.371,0.6106,2,3,0
VEND-00895,direct,98.12,20.18,693,0.4944,0.3,2,0,0
VEND-00896,branch,89.33,23.2,724,0.4598,0.7724,1,2,0
VEND-00897,direct,121.44,11.36,657,0.2984,0.5037,0,0,0
VEND-00898,broker,61.53,11.38,753,0.4963,0.2689,0,0,0
VEND-00899,direct,78.3,28.56,638,0.2421,0.3084,0,0,1
VEND-00900,digital_partner,110.45,9.85,646,0.0837,0.699,1,2,0
VEND-00901,direct,104.12,24.09,750,0.1398,0.3523,0,0,0
VEND-00902,direct,91.11,25.92,673,0.2321,0.5934,1,1,0
VEND-00903,direct,86.0,18.3,687,0.191,0.7175,0,0,0
VEND-00904,digital_partner,20.0,10.86,793,0.7585,0.4514,2,1,0
VEND-00905,branch,84.12,3.51,779,0.4839,0.3954,0,1,0
VEND-00906,branch,115.71,17.75,591,0.2724,0.4837,0,0,1
VEND-00907,branch,80.36,14.69,750,0.5059,0.772,0,1,0
VEND-00908,direct,69.06,17.2,675,0.4162,0.2961,0,0,0
VEND-00909,broker,100.28,16.72,732,0.7806,0.5634,1,1,0
VEND-00910,digital_partner,92.96,15.53,625,0.792,0.9113,1,2,1
VEND-00911,branch,67.28,2.0,748,0.1214,0.7506,0,1,0
VEND-00912,branch,67.32,11.1,572,0.502,0.4696,1,0,0
VEND-00913,branch,30.25,12.53,774,0.1915,0.6677,0,1,1
VEND-00914,direct,39.31,7.53,550,0.689,0.3282,0,0,1
VEND-00915,branch,67.69,15.55,555,0.6784,0.7959,2,2,1
VEND-00916,digital_partner,22.9,21.16,765,0.6111,0.6187,0,1,0
VEND-00917,direct,57.56,20.01,651,0.05,0.2494,0,0,0
VEND-00918,branch,57.48,11.07,712,0.2062,0.8036,0,3,0
VEND-00919,direct,104.31,12.19,686,0.1478,0.2929,1,0,0
VEND-00920,broker,89.06,30.44,781,0.6795,0.6826,0,1,0
VEND-00921,branch,54.46,24.06,657,0.7544,0.1907,0,2,0
VEND-00922,broker,134.43,17.0,721,0.3821,0.0798,1,1,0
VEND-00923,direct,102.3,11.18,682,0.6655,0.439,1,0,1
VEND-00924,direct,69.32,24.67,651,0.4547,0.5948,0,4,0
VEND-00925,digital_partner,57.31,9.61,617,0.8072,0.7848,0,3,1
VEND-00926,branch,34.08,21.86,684,0.7836,0.2772,0,0,0
VEND-00927,broker,72.68,28.56,632,0.409,0.4198,0,1,1
VEND-00928,direct,102.55,32.78,650,0.3402,0.3715,1,1,0
VEND-00929,branch,43.55,18.88,660,0.2915,0.578,0,2,0
VEND-00930,digital_partner,96.62,17.76,686,0.1903,0.1367,0,1,0
VEND-00931,digital_partner,130.01,2.98,665,0.3528,0.6975,0,1,0
VEND-00932,direct,117.74,24.09,749,0.2135,0.4729,0,1,1
VEND-00933,digital_partner,67.98,6.51,662,0.2068,0.4064,0,0,0
VEND-00934,direct,60.57,20.84,674,0.2489,0.4691,1,0,0
VEND-00935,direct,35.81,23.7,545,0.3179,0.5383,0,1,0
VEND-00936,broker,105.3,19.69,743,0.6488,0.2853,1,3,0
VEND-00937,branch,98.57,18.25,660,0.5462,0.5835,1,1,0
VEND-00938,broker,98.15,14.79,721,0.6292,0.4789,0,3,0
VEND-00939,broker,116.64,21.3,612,0.4731,0.3588,0,2,0
VEND-00940,branch,69.44,2.0,596,0.287,0.656,0,0,0
VEND-00941,direct,130.92,26.78,614,0.4494,0.4269,0,2,0
VEND-00942,branch,36.79,19.54,692,0.4839,0.5617,0,0,0
VEND-00943,direct,71.03,34.01,640,0.3721,0.7919,0,0,1
VEND-00944,digital_partner,80.34,24.39,673,0.332,0.6352,1,2,0
VEND-00945,direct,109.01,17.1,705,0.5763,0.907,1,0,1
VEND-00946,direct,73.59,17.46,664,0.072,0.5005,0,1,0
VEND-00947,branch,22.78,21.89,751,0.4282,0.833,0,0,0
VEND-00948,branch,134.66,2.23,652,0.05,0.7361,0,1,0
VEND-00949,digital_partner,76.68,20.91,686,0.4936,0.2512,0,5,1
VEND-00950,branch,78.9,28.67,603,0.4399,0.6971,0,1,1
VEND-00951,broker,82.08,19.63,785,0.3156,0.5455,1,2,0
VEND-00952,branch,84.3,2.05,601,0.2955,0.4558,3,1,1
VEND-00953,digital_partner,65.33,31.04,656,0.7097,0.7129,0,3,1
VEND-00954,branch,77.45,28.23,671,0.3019,0.9067,0,2,0
VEND-00955,branch,85.95,18.92,696,0.6287,0.8747,1,2,1
VEND-00956,broker,84.67,20.26,626,0.7946,0.7701,0,2,1
VEND-00957,direct,95.36,36.38,640,0.3172,0.2745,1,0,0
VEND-00958,digital_partner,75.42,18.15,708,0.4767,0.4148,3,4,0
VEND-00959,broker,105.38,5.03,631,0.6303,0.8734,0,0,0
VEND-00960,branch,106.29,17.25,656,0.2404,0.5579,0,1,1
VEND-00961,digital_partner,79.05,24.8,718,0.3955,0.3179,0,3,1
VEND-00962,direct,60.77,16.36,648,0.3103,0.4488,0,0,0
VEND-00963,direct,64.13,32.84,582,0.2897,0.6385,1,3,0
VEND-00964,branch,47.22,15.67,629,0.2626,0.8145,1,1,0
VEND-00965,branch,73.86,27.97,694,0.4188,0.5617,1,1,1
VEND-00966,direct,115.95,14.94,623,0.3103,0.3117,0,0,0
VEND-00967,branch,82.24,8.36,547,0.247,0.2775,0,0,0
VEND-00968,branch,68.43,8.21,739,0.3759,0.4466,0,1,0
VEND-00969,branch,25.81,5.14,673,0.4489,0.4874,0,2,0
VEND-00970,digital_partner,117.97,17.67,666,0.4993,0.3386,0,7,0
VEND-00971,direct,56.19,7.4,748,0.2906,0.5304,0,0,0
VEND-00972,branch,93.0,9.52,643,0.4422,0.7891,0,1,0
VEND-00973,direct,139.63,27.77,779,0.4718,0.4148,0,1,0
VEND-00974,broker,50.61,28.1,715,0.491,0.5471,0,1,0
VEND-00975,direct,51.54,17.2,667,0.2879,0.5236,0,1,0
VEND-00976,direct,84.19,8.63,715,0.6164,0.792,0,1,0
VEND-00977,broker,57.64,17.18,714,0.35,0.5596,0,2,0
VEND-00978,broker,134.31,8.21,671,0.373,0.6573,0,1,1
VEND-00979,broker,59.23,23.54,630,0.5384,0.4384,1,2,0
VEND-00980,direct,97.58,21.82,686,0.3533,0.2499,0,0,1
VEND-00981,digital_partner,125.54,28.99,682,0.4059,0.4112,0,2,0
VEND-00982,direct,64.72,23.27,741,0.3894,0.2629,1,1,0
VEND-00983,branch,68.77,20.6,716,0.4639,0.7098,0,4,0
VEND-00984,direct,93.58,30.33,681,0.4684,0.9553,0,0,0
VEND-00985,broker,81.9,25.58,758,0.4206,0.312,0,0,0
VEND-00986,direct,122.54,5.88,659,0.1896,0.5243,0,1,0
VEND-00987,direct,94.68,31.37,732,0.0602,0.4805,0,2,0
VEND-00988,direct,123.75,13.43,770,0.2487,0.3933,0,0,0
VEND-00989,direct,88.08,11.97,745,0.3069,0.5494,0,2,0
VEND-00990,branch,110.98,18.85,622,0.6843,0.6785,0,1,0
VEND-00991,broker,51.03,23.8,692,0.7868,0.6667,0,1,0
VEND-00992,digital_partner,40.43,18.91,639,0.4077,0.9132,0,0,0
VEND-00993,digital_partner,90.55,24.74,663,0.3739,0.1224,1,2,0
VEND-00994,direct,49.05,20.55,725,0.7756,0.4157,0,1,0
VEND-00995,direct,125.3,6.16,601,0.3305,0.6336,1,0,1
VEND-00996,broker,79.09,20.29,747,0.4688,0.3489,0,2,0
VEND-00997,branch,81.02,8.81,785,0.5388,0.6203,1,2,0
VEND-00998,broker,113.71,9.75,678,0.2567,0.3779,1,0,1
VEND-00999,branch,50.92,12.93,727,0.4124,0.6534,0,1,0
VEND-01000,branch,149.64,15.02,676,0.4781,0.6627,0,1,0
VEND-01001,direct,117.89,6.44,774,0.3087,0.5955,0,2,0
VEND-01002,branch,111.19,16.56,569,0.1183,0.8462,0,0,0
VEND-01003,branch,91.31,7.16,624,0.4687,0.3861,0,1,0
VEND-01004,broker,107.32,26.46,818,0.4823,0.4847,0,0,0
VEND-01005,direct,102.11,15.1,741,0.3372,0.7727,1,0,0
VEND-01006,broker,59.49,15.93,656,0.7421,0.5101,1,1,1
VEND-01007,direct,90.35,9.34,636,0.3278,0.2365,0,1,1
VEND-01008,branch,69.84,11.12,689,0.3546,0.2488,0,4,1
VEND-01009,broker,123.92,27.26,771,0.3625,0.1837,0,0,0
VEND-01010,broker,106.15,18.79,649,0.2956,0.4569,0,0,1
VEND-01011,direct,94.72,17.5,755,0.5963,0.2331,0,2,0
VEND-01012,branch,44.63,23.8,590,0.2829,0.8598,0,2,0
VEND-01013,direct,100.07,2.0,724,0.4252,0.6058,1,1,0
VEND-01014,digital_partner,90.27,18.92,673,0.4712,0.4001,1,1,1
VEND-01015,broker,142.13,10.04,693,0.2071,0.2557,0,0,0
VEND-01016,digital_partner,92.51,6.15,773,0.4105,0.4513,2,1,1
VEND-01017,direct,85.54,10.92,655,0.5636,0.5142,0,1,0
VEND-01018,branch,28.18,12.66,741,0.1011,0.3284,0,1,0
VEND-01019,broker,55.15,27.63,807,0.8769,0.5991,0,1,0
VEND-01020,direct,45.21,4.5,760,0.5405,0.5011,1,1,0
VEND-01021,digital_partner,77.14,20.91,632,0.2694,0.9228,0,1,1
VEND-01022,direct,129.47,14.28,740,0.5375,0.2134,1,2,0
VEND-01023,digital_partner,102.1,15.05,579,0.3555,0.6955,0,2,1
VEND-01024,branch,62.67,37.08,735,0.0766,0.1177,0,2,0
VEND-01025,direct,94.98,24.49,752,0.2748,0.8342,0,3,0
VEND-01026,digital_partner,108.76,26.89,662,0.5675,0.2406,0,2,1
VEND-01027,direct,109.49,18.15,617,0.2094,0.5349,1,0,1
VEND-01028,direct,77.4,18.88,686,0.5213,0.2519,0,0,0
VEND-01029,digital_partner,79.22,17.69,634,0.5839,0.5944,0,1,1
VEND-01030,digital_partner,70.59,16.25,650,0.4703,0.7681,0,1,0
VEND-01031,broker,68.49,23.68,709,0.4698,0.4881,0,0,0
VEND-01032,direct,102.88,17.73,664,0.1775,0.8215,0,1,1
VEND-01033,branch,46.41,9.75,672,0.2051,0.3637,2,1,1
VEND-01034,digital_partner,63.16,18.06,690,0.5012,0.6918,0,1,0
VEND-01035,branch,86.21,15.49,719,0.377,0.6583,0,3,1
VEND-01036,direct,101.68,35.12,704,0.2794,0.5479,0,0,0
VEND-01037,digital_partner,79.0,14.42,748,0.5431,0.611,0,1,0
VEND-01038,direct,85.85,16.1,686,0.4172,0.6357,0,1,0
VEND-01039,broker,128.65,17.97,541,0.0834,0.5058,0,1,0
VEND-01040,broker,59.79,7.8,742,0.3788,0.4827,0,2,0
VEND-01041,digital_partner,109.32,12.76,666,0.6605,0.6829,1,2,0
VEND-01042,digital_partner,97.04,22.48,726,0.2985,0.9618,0,1,0
VEND-01043,direct,40.76,23.1,673,0.583,0.8595,1,0,0
VEND-01044,broker,77.56,5.69,701,0.4322,0.97,1,0,0
VEND-01045,branch,54.8,12.07,707,0.4518,0.7128,0,1,1
VEND-01046,broker,89.28,15.81,626,0.6975,0.8644,1,1,0
VEND-01047,digital_partner,95.17,12.42,818,0.4111,0.6893,1,1,0
VEND-01048,direct,55.12,18.77,655,0.2826,0.8265,1,1,0
VEND-01049,branch,38.99,14.03,726,0.5825,0.6933,0,1,0
VEND-01050,direct,88.19,8.77,763,0.292,0.6061,1,0,0
VEND-01051,direct,140.76,17.37,706,0.237,0.3977,2,0,0
VEND-01052,broker,87.45,21.32,786,0.5506,0.3992,1,0,0
VEND-01053,broker,105.49,34.44,760,0.6387,0.7276,0,2,0
VEND-01054,direct,74.22,9.66,694,0.36,0.3613,0,4,0
VEND-01055,branch,64.93,2.85,719,0.4527,0.4393,0,3,0
VEND-01056,branch,113.99,13.52,670,0.6239,0.8013,1,0,0
VEND-01057,broker,74.13,26.67,612,0.4984,0.9342,0,3,0
VEND-01058,digital_partner,73.22,21.37,631,0.4727,0.4286,0,2,0
VEND-01059,digital_partner,89.42,11.91,750,0.6345,0.468,0,2,0
VEND-01060,branch,126.71,10.32,646,0.3457,0.351,1,1,1
VEND-01061,digital_partner,92.84,21.72,678,0.2095,0.8001,1,1,0
VEND-01062,branch,120.92,8.43,699,0.426,0.4008,1,0,0
VEND-01063,direct,86.28,2.58,691,0.3327,0.2457,0,1,0
VEND-01064,branch,70.58,20.69,606,0.1622,0.2977,1,2,0
VEND-01065,branch,96.47,5.23,679,0.7463,0.5871,0,0,0
VEND-01066,branch,72.48,20.09,662,0.2954,0.5124,0,1,0
VEND-01067,branch,31.05,2.06,685,0.4151,0.379,1,1,0
VEND-01068,direct,60.31,13.32,625,0.1261,0.2717,0,2,0
VEND-01069,branch,113.28,25.52,709,0.7645,0.9066,0,0,0
VEND-01070,branch,45.81,18.71,796,0.5505,0.3486,3,0,0
VEND-01071,branch,75.73,23.03,800,0.4761,0.3123,1,0,0
VEND-01072,broker,82.21,14.86,650,0.2742,0.8096,1,0,0
VEND-01073,branch,65.41,21.87,621,0.7239,0.4365,1,0,0
VEND-01074,branch,111.52,20.34,776,0.3838,0.6674,1,1,0
VEND-01075,branch,90.05,34.79,694,0.452,0.4204,0,0,0
VEND-01076,direct,134.12,12.66,666,0.4525,0.3356,0,2,0
VEND-01077,digital_partner,172.7,16.0,707,0.2984,0.5409,1,2,1
VEND-01078,branch,90.15,10.03,644,0.6222,0.87,0,3,0
VEND-01079,broker,119.72,21.25,662,0.5081,0.2989,0,1,0
VEND-01080,digital_partner,95.18,15.4,623,0.544,0.4705,0,0,0
VEND-01081,branch,79.22,19.45,562,0.6844,0.7346,0,4,0
VEND-01082,broker,138.13,17.26,725,0.4911,0.3507,0,2,0
VEND-01083,broker,123.53,24.38,658,0.2536,0.8784,0,0,0
VEND-01084,broker,64.75,19.51,704,0.7749,0.2539,0,3,0
VEND-01085,branch,72.5,20.72,548,0.5641,0.7428,0,1,1
VEND-01086,digital_partner,155.78,13.95,724,0.4056,0.2362,0,0,0
VEND-01087,broker,67.63,7.55,696,0.7367,0.5897,1,0,0
VEND-01088,broker,80.88,18.95,722,0.2636,0.9393,0,0,0
VEND-01089,broker,64.23,7.94,768,0.6355,0.6177,3,1,1
VEND-01090,digital_partner,71.14,20.38,632,0.322,0.2288,0,2,0
VEND-01091,branch,95.41,10.35,629,0.587,0.468,0,1,0
VEND-01092,branch,89.34,12.21,654,0.154,0.5754,0,0,0
VEND-01093,branch,82.83,24.72,695,0.3279,0.3552,2,1,0
VEND-01094,direct,124.19,32.04,640,0.4811,0.4953,0,0,1
VEND-01095,branch,120.82,22.26,621,0.3293,0.3898,0,0,0
VEND-01096,branch,66.57,9.21,670,0.2996,0.4678,1,1,0
VEND-01097,digital_partner,80.11,11.53,605,0.7221,0.398,1,1,0
VEND-01098,direct,43.19,25.07,665,0.3936,0.2984,0,0,0
VEND-01099,broker,97.49,31.52,612,0.3721,0.5731,0,6,0
VEND-01100,broker,98.08,27.15,653,0.2913,0.3397,1,0,1
VEND-01101,broker,71.22,14.45,720,0.7194,0.5091,0,1,0
VEND-01102,branch,51.04,8.87,730,0.1429,0.7821,0,1,0
VEND-01103,branch,110.5,10.44,715,0.865,0.6325,0,3,0
VEND-01104,digital_partner,101.58,15.2,734,0.301,0.4055,0,0,0
VEND-01105,broker,82.24,25.95,728,0.4327,0.6235,0,0,0
VEND-01106,broker,84.55,19.72,621,0.3627,0.8764,0,1,0
VEND-01107,direct,117.74,15.51,718,0.05,0.578,0,1,0
VEND-01108,direct,92.33,8.65,668,0.3789,0.2223,1,2,0
VEND-01109,branch,98.17,21.22,601,0.4789,0.7198,0,0,1
VEND-01110,broker,84.42,6.95,659,0.7101,0.724,1,0,0
VEND-01111,broker,106.21,20.9,681,0.5609,0.3069,0,2,0
VEND-01112,direct,89.95,15.01,678,0.6542,0.1523,2,1,0
VEND-01113,branch,137.99,25.52,707,0.2911,0.5391,0,0,0
VEND-01114,digital_partner,98.7,14.71,676,0.052,0.4739,0,1,1
VEND-01115,digital_partner,110.89,37.66,659,0.7208,0.3188,0,1,0
VEND-01116,branch,102.91,24.82,744,0.746,0.4062,0,0,0
VEND-01117,branch,54.69,22.63,554,0.0918,0.6713,1,0,0
VEND-01118,branch,116.28,16.64,672,0.4496,0.713,0,1,0
VEND-01119,branch,145.0,8.35,655,0.3873,0.4056,0,1,0
VEND-01120,branch,74.17,8.9,651,0.5351,0.2915,0,0,1
VEND-01121,broker,74.6,20.79,708,0.866,0.5886,1,0,0
VEND-01122,direct,117.59,26.12,602,0.3945,0.428,0,1,1
VEND-01123,direct,59.36,32.73,557,0.5988,0.6168,1,1,1
VEND-01124,digital_partner,108.97,16.97,611,0.5746,0.7066,1,2,0
VEND-01125,direct,90.25,28.43,758,0.2787,0.5529,0,0,0
VEND-01126,digital_partner,87.54,12.54,622,0.187,0.2203,1,2,0
VEND-01127,branch,33.74,22.99,677,0.2322,0.2794,0,0,0
VEND-01128,branch,83.4,10.86,616,0.0863,0.4784,0,1,0
VEND-01129,direct,74.2,14.07,759,0.1052,0.4321,0,2,0
VEND-01130,digital_partner,77.98,28.4,570,0.6739,0.6843,0,0,1
VEND-01131,branch,125.33,25.17,789,0.3843,0.1522,0,5,0
VEND-01132,broker,48.13,14.16,762,0.8598,0.4806,0,2,0
VEND-01133,digital_partner,96.35,13.74,698,0.373,0.8287,0,0,0
VEND-01134,digital_partner,70.04,11.7,629,0.352,0.1456,0,2,0
VEND-01135,direct,88.11,13.51,774,0.6557,0.9026,1,1,0
VEND-01136,direct,56.15,3.75,697,0.501,0.1243,0,1,0
VEND-01137,digital_partner,87.12,16.98,526,0.0984,0.4322,3,1,1
VEND-01138,broker,84.1,17.31,673,0.6376,0.6628,0,2,0
VEND-01139,branch,81.29,32.81,692,0.1839,0.7501,2,1,0
VEND-01140,branch,105.33,13.41,744,0.4445,0.7939,0,1,0
VEND-01141,broker,75.08,14.08,607,0.3518,0.301,0,3,1
VEND-01142,digital_partner,74.99,19.45,695,0.7955,0.8969,0,2,0
VEND-01143,broker,67.22,20.36,643,0.188,0.3819,0,0,0
VEND-01144,broker,49.69,16.26,714,0.3349,0.5735,0,3,0
VEND-01145,branch,98.19,31.23,714,0.2652,0.8616,0,3,0
VEND-01146,direct,106.16,18.56,807,0.0567,0.4324,0,2,0
VEND-01147,direct,93.43,15.99,704,0.4359,0.3227,1,1,0
VEND-01148,digital_partner,172.54,2.0,621,0.2415,0.6495,0,2,0
VEND-01149,broker,73.72,29.36,786,0.6429,0.7899,0,1,0
VEND-01150,branch,123.94,11.83,613,0.7372,0.0654,0,1,1
VEND-01151,broker,68.38,4.34,680,0.6771,0.4201,0,1,0
VEND-01152,branch,122.27,23.55,663,0.5896,0.6072,0,1,0
VEND-01153,digital_partner,146.18,8.05,681,0.3642,0.547,1,0,0
VEND-01154,direct,72.25,18.66,724,0.5348,0.9216,0,2,0
VEND-01155,broker,101.91,14.07,676,0.8405,0.1746,1,2,0
VEND-01156,broker,48.25,17.12,724,0.6401,0.97,2,0,0
VEND-01157,broker,99.22,6.84,641,0.8888,0.8149,0,1,0
VEND-01158,digital_partner,46.23,20.52,690,0.398,0.4515,0,3,0
VEND-01159,direct,95.49,6.13,694,0.7793,0.6844,0,0,0
VEND-01160,digital_partner,66.52,16.72,723,0.4776,0.7856,0,3,0
VEND-01161,branch,29.83,12.03,750,0.3207,0.7019,1,1,0
VEND-01162,broker,94.99,14.37,652,0.5429,0.5237,1,4,0
VEND-01163,broker,119.67,13.3,794,0.2731,0.2914,2,0,0
VEND-01164,branch,72.22,16.32,706,0.2482,0.3927,0,1,0
VEND-01165,digital_partner,119.17,26.8,759,0.3114,0.8678,2,0,1
VEND-01166,broker,99.4,23.22,616,0.2676,0.5114,0,4,1
VEND-01167,branch,48.54,17.3,762,0.561,0.5903,2,3,0
VEND-01168,direct,73.59,11.05,672,0.4338,0.3509,0,2,0
VEND-01169,branch,59.31,36.87,642,0.3219,0.3065,0,0,1
VEND-01170,branch,169.46,31.04,729,0.1928,0.5068,0,0,0
VEND-01171,branch,66.75,8.68,648,0.4534,0.3163,1,1,1
VEND-01172,direct,173.5,21.62,730,0.2058,0.3183,1,1,0
VEND-01173,branch,96.48,31.62,697,0.658,0.2926,1,2,0
VEND-01174,branch,72.91,9.17,614,0.5421,0.211,1,1,1
VEND-01175,direct,67.6,25.71,598,0.437,0.5139,0,2,1
VEND-01176,digital_partner,113.02,18.48,667,0.8349,0.4404,3,0,0
VEND-01177,digital_partner,112.14,27.7,715,0.5427,0.5314,0,1,0
VEND-01178,branch,68.3,17.17,609,0.6452,0.7363,2,1,0
VEND-01179,broker,85.69,20.37,545,0.9194,0.4351,0,0,1
VEND-01180,direct,73.02,19.61,638,0.2537,0.629,1,3,1
VEND-01181,direct,129.38,22.01,643,0.2758,0.4002,0,1,0
VEND-01182,digital_partner,117.49,26.94,751,0.3494,0.1003,1,3,0
VEND-01183,branch,79.47,6.81,607,0.2504,0.4159,0,0,0
VEND-01184,direct,71.94,20.55,740,0.6239,0.7037,0,1,0
VEND-01185,direct,55.33,27.85,621,0.5018,0.4049,0,2,0
VEND-01186,digital_partner,81.95,8.47,787,0.2278,0.5772,0,2,0
VEND-01187,broker,85.23,3.02,732,0.423,0.3271,0,0,0
VEND-01188,branch,44.83,15.11,704,0.2956,0.702,1,1,0
VEND-01189,branch,120.75,28.2,668,0.4122,0.2065,0,2,0
VEND-01190,digital_partner,46.68,23.32,718,0.0661,0.8072,0,1,0
VEND-01191,broker,30.01,16.51,817,0.652,0.6982,0,0,0
VEND-01192,digital_partner,95.29,14.58,719,0.4469,0.5186,0,1,0
VEND-01193,branch,84.27,2.0,666,0.5253,0.6645,0,2,0
VEND-01194,branch,102.29,18.01,733,0.7581,0.6479,1,3,0
VEND-01195,broker,66.29,19.58,706,0.767,0.5604,1,1,1
VEND-01196,branch,71.33,21.91,794,0.2549,0.827,0,5,0
VEND-01197,direct,60.14,10.77,620,0.4275,0.425,1,0,0
VEND-01198,branch,105.08,20.13,608,0.6286,0.2432,0,0,0
VEND-01199,direct,78.21,21.05,683,0.8112,0.4477,0,2,0
VEND-01200,direct,69.63,10.46,629,0.6748,0.7426,0,0,0
VEND-01201,broker,51.16,20.43,722,0.6362,0.4238,0,1,0
VEND-01202,direct,52.34,9.36,636,0.2322,0.5816,0,2,0
VEND-01203,digital_partner,68.67,17.22,628,0.4257,0.3808,1,3,0
VEND-01204,direct,45.51,30.13,766,0.2006,0.5561,1,1,0
VEND-01205,branch,87.81,17.6,683,0.7387,0.4807,1,2,0
VEND-01206,broker,117.47,16.95,677,0.1279,0.4903,0,0,0
VEND-01207,branch,90.82,14.15,720,0.6121,0.269,0,1,0
VEND-01208,broker,80.72,6.64,720,0.5012,0.1129,0,1,0
VEND-01209,broker,172.3,2.0,644,0.92,0.7273,1,0,0
VEND-01210,branch,68.44,8.07,643,0.442,0.524,0,2,0
VEND-01211,digital_partner,94.36,22.34,602,0.0814,0.9445,1,2,0
VEND-01212,digital_partner,130.54,16.71,669,0.6815,0.5506,0,3,0
VEND-01213,direct,114.73,12.2,708,0.3725,0.3211,0,1,0
VEND-01214,direct,41.37,31.13,627,0.8173,0.3938,0,1,0
VEND-01215,branch,132.86,19.16,655,0.3158,0.7764,1,1,0
VEND-01216,digital_partner,110.33,14.95,652,0.2009,0.5155,2,1,1
VEND-01217,digital_partner,111.21,11.69,739,0.6473,0.63,0,0,0
VEND-01218,branch,97.39,17.73,714,0.2582,0.8898,0,1,0
VEND-01219,branch,149.91,13.0,691,0.1415,0.7852,0,0,0
VEND-01220,direct,141.82,15.58,656,0.4586,0.4935,0,0,1
VEND-01221,broker,108.18,7.57,718,0.1825,0.5832,1,1,0
VEND-01222,branch,57.58,19.49,693,0.3193,0.7958,1,1,0
VEND-01223,broker,150.11,27.18,700,0.3576,0.4399,0,2,0
VEND-01224,branch,96.96,25.75,724,0.5712,0.7384,0,0,1
VEND-01225,branch,52.31,19.75,656,0.3268,0.3943,0,1,0
VEND-01226,direct,101.61,21.63,760,0.2743,0.2858,1,2,0
VEND-01227,broker,110.46,18.93,722,0.5394,0.4753,0,2,1
VEND-01228,digital_partner,45.41,12.82,715,0.5093,0.7749,0,3,0
VEND-01229,branch,79.99,13.1,627,0.6905,0.3984,0,0,0
VEND-01230,branch,73.48,21.49,607,0.1192,0.5491,1,1,0
VEND-01231,digital_partner,112.5,28.12,696,0.3383,0.6718,0,2,1
VEND-01232,digital_partner,156.26,28.19,625,0.298,0.5122,0,2,1
VEND-01233,broker,141.06,19.56,784,0.6212,0.4533,2,1,1
VEND-01234,branch,108.66,18.05,630,0.4154,0.5761,0,2,0
VEND-01235,branch,104.77,5.64,553,0.4444,0.6925,0,1,1
VEND-01236,direct,92.03,16.54,621,0.2622,0.4962,0,1,0
VEND-01237,broker,96.48,16.05,672,0.3351,0.3384,0,0,0
VEND-01238,broker,34.79,11.41,709,0.5152,0.2899,0,3,0
VEND-01239,branch,45.41,33.75,676,0.2069,0.683,0,2,0
VEND-01240,branch,102.53,19.95,596,0.4505,0.7975,0,2,0
VEND-01241,broker,134.29,12.1,610,0.4548,0.5397,0,2,0
VEND-01242,branch,49.77,27.97,632,0.7087,0.688,1,3,0
VEND-01243,digital_partner,67.02,34.37,674,0.1416,0.8203,2,2,0
VEND-01244,digital_partner,88.23,2.0,818,0.5533,0.2333,0,3,0
VEND-01245,branch,59.27,19.95,719,0.2841,0.653,0,3,1
VEND-01246,branch,55.85,9.77,628,0.05,0.8439,0,0,0
VEND-01247,direct,74.46,14.77,721,0.449,0.2647,0,2,0
VEND-01248,direct,132.77,18.56,637,0.5032,0.8636,0,2,0
VEND-01249,broker,125.57,6.29,714,0.4918,0.185,0,1,0
VEND-01250,branch,129.11,24.36,658,0.4612,0.0827,0,1,1
VEND-01251,branch,40.25,7.04,644,0.2898,0.7767,0,0,1
VEND-01252,branch,62.12,12.88,790,0.3298,0.4786,0,0,0
VEND-01253,branch,54.67,10.94,723,0.05,0.4659,0,0,0
VEND-01254,direct,78.13,15.39,818,0.3835,0.6341,0,0,0
VEND-01255,broker,89.53,16.05,665,0.4521,0.45,0,1,1
VEND-01256,branch,80.74,21.62,793,0.2842,0.9029,0,1,1
VEND-01257,direct,92.03,33.73,735,0.2071,0.5963,0,3,0
VEND-01258,branch,75.66,8.94,628,0.3292,0.4143,0,1,0
VEND-01259,branch,58.08,8.56,664,0.4499,0.7509,1,0,1
VEND-01260,branch,88.97,21.59,667,0.1265,0.5315,0,1,0
VEND-01261,digital_partner,145.97,20.91,667,0.3615,0.2933,0,1,0
VEND-01262,broker,100.6,20.07,682,0.6328,0.2098,1,3,1
VEND-01263,broker,28.96,34.66,775,0.4271,0.1704,0,0,0
VEND-01264,digital_partner,49.72,5.21,677,0.5274,0.449,1,0,0
VEND-01265,broker,95.37,4.96,737,0.1491,0.4194,0,2,0
VEND-01266,direct,88.97,16.85,743,0.417,0.3289,0,0,0
VEND-01267,direct,85.75,20.29,732,0.05,0.7416,0,1,0
VEND-01268,branch,69.26,12.12,635,0.1869,0.5451,0,0,0
VEND-01269,digital_partner,111.65,21.45,704,0.203,0.2015,0,2,0
VEND-01270,direct,84.17,8.15,761,0.1783,0.4293,1,0,0
VEND-01271,broker,97.7,18.53,618,0.8697,0.4584,1,0,0
VEND-01272,branch,136.01,18.46,674,0.5171,0.7175,0,2,0
VEND-01273,branch,117.45,17.93,550,0.6581,0.5207,0,1,0
VEND-01274,digital_partner,35.72,3.19,640,0.3527,0.713,0,1,0
VEND-01275,broker,77.99,15.57,714,0.2903,0.2333,0,3,0
VEND-01276,direct,120.48,12.87,701,0.2536,0.283,1,1,0
VEND-01277,broker,127.15,2.28,656,0.6384,0.8754,0,3,0
VEND-01278,direct,74.26,23.17,621,0.3951,0.3085,0,2,0
VEND-01279,branch,97.22,29.84,699,0.3846,0.4707,1,2,1
VEND-01280,branch,65.77,4.86,704,0.217,0.49,1,0,1
VEND-01281,direct,50.52,22.92,710,0.6234,0.4772,0,1,0
VEND-01282,direct,73.71,20.93,709,0.1178,0.224,0,2,1
VEND-01283,direct,64.51,9.5,774,0.92,0.3366,1,1,0
VEND-01284,digital_partner,56.29,17.48,607,0.6463,0.6903,1,1,1
VEND-01285,broker,111.92,3.76,723,0.1949,0.468,1,2,0
VEND-01286,branch,66.66,10.78,708,0.4688,0.4813,0,0,0
VEND-01287,broker,92.98,11.32,692,0.5694,0.7611,0,1,0
VEND-01288,branch,107.65,8.31,740,0.5191,0.2866,1,1,0
VEND-01289,branch,125.68,19.22,636,0.4062,0.3574,0,1,0
VEND-01290,digital_partner,104.86,14.13,673,0.3712,0.4984,0,3,1
VEND-01291,digital_partner,77.74,14.05,646,0.7871,0.393,0,1,1
VEND-01292,direct,123.72,12.26,661,0.3709,0.358,0,1,0
VEND-01293,branch,56.86,18.85,758,0.1496,0.8845,0,2,0
VEND-01294,branch,20.0,23.16,706,0.2846,0.6801,0,0,0
VEND-01295,broker,82.92,19.84,653,0.5083,0.5847,0,1,0
VEND-01296,direct,96.96,11.37,706,0.3635,0.7918,0,0,1
VEND-01297,branch,31.74,17.41,763,0.566,0.6427,1,1,0
VEND-01298,direct,75.79,7.05,690,0.4329,0.3003,1,2,0
VEND-01299,direct,103.64,13.18,656,0.6091,0.5991,0,0,0
VEND-01300,broker,31.93,14.69,732,0.1684,0.4138,0,1,0
VEND-01301,branch,111.17,13.11,677,0.5148,0.7595,0,2,0
VEND-01302,broker,40.58,10.92,770,0.1413,0.8323,0,2,0
VEND-01303,direct,124.1,20.1,701,0.3922,0.8895,1,2,1
VEND-01304,branch,100.96,20.09,692,0.7496,0.899,0,2,0
VEND-01305,digital_partner,44.81,11.74,699,0.2433,0.2577,0,4,1
VEND-01306,direct,115.34,2.0,751,0.1934,0.3169,0,0,0
VEND-01307,broker,83.67,13.68,667,0.2417,0.4619,0,1,0
VEND-01308,broker,96.7,8.17,727,0.328,0.4627,1,0,0
VEND-01309,branch,116.2,13.19,747,0.3145,0.4122,0,0,0
VEND-01310,digital_partner,61.66,28.14,675,0.196,0.4952,0,3,0
VEND-01311,digital_partner,83.66,19.68,685,0.3782,0.644,0,2,1
VEND-01312,direct,106.73,15.11,704,0.6038,0.4112,0,1,1
VEND-01313,broker,85.57,7.94,717,0.6692,0.7931,1,1,0
VEND-01314,broker,102.25,14.16,705,0.702,0.1695,0,3,0
VEND-01315,direct,90.97,29.38,640,0.7025,0.8506,3,0,1
VEND-01316,digital_partner,106.33,9.34,675,0.1124,0.3587,0,1,0
VEND-01317,direct,80.23,5.49,745,0.1071,0.6973,1,4,0
VEND-01318,direct,85.08,16.17,766,0.3671,0.9625,0,0,0
VEND-01319,digital_partner,102.56,28.72,640,0.3157,0.4468,0,3,0
VEND-01320,direct,20.0,11.3,697,0.2517,0.6647,1,2,1
VEND-01321,digital_partner,117.2,21.73,632,0.3236,0.5287,0,2,0
VEND-01322,branch,131.71,2.0,714,0.2806,0.3332,1,1,0
VEND-01323,digital_partner,76.17,18.27,643,0.0575,0.7877,1,0,0
VEND-01324,direct,79.58,18.39,644,0.3234,0.4255,0,0,1
VEND-01325,broker,149.4,20.93,753,0.3878,0.8089,1,4,0
VEND-01326,branch,96.71,25.88,613,0.5591,0.3727,2,2,0
VEND-01327,broker,60.06,14.95,680,0.5664,0.4738,0,1,1
VEND-01328,direct,107.89,15.51,584,0.1788,0.2808,0,1,1
VEND-01329,digital_partner,121.41,17.11,647,0.7911,0.5001,1,1,1
VEND-01330,branch,71.78,11.35,732,0.2347,0.7906,0,1,0
VEND-01331,direct,43.9,2.0,652,0.4645,0.3915,0,1,0
VEND-01332,branch,107.98,19.19,623,0.1463,0.6136,2,3,0
VEND-01333,branch,69.93,26.08,711,0.4767,0.698,0,3,1
VEND-01334,broker,74.18,11.0,606,0.6482,0.3604,0,1,0
VEND-01335,direct,96.31,25.45,590,0.4225,0.3859,0,4,1
VEND-01336,digital_partner,77.41,34.0,685,0.5339,0.5779,1,4,0
VEND-01337,broker,97.94,25.13,648,0.7666,0.7748,0,2,0
VEND-01338,branch,120.82,14.17,662,0.1516,0.5384,1,2,0
VEND-01339,branch,103.12,23.82,623,0.2857,0.7709,0,1,0
VEND-01340,direct,86.01,21.41,758,0.4925,0.4432,2,2,0
VEND-01341,direct,26.72,25.32,650,0.5912,0.8284,0,1,1
VEND-01342,branch,114.48,31.49,760,0.629,0.8478,0,3,1
VEND-01343,branch,79.14,19.41,702,0.356,0.8868,0,0,0
VEND-01344,direct,139.51,16.14,657,0.7065,0.1629,1,2,0
VEND-01345,branch,62.4,16.61,778,0.2651,0.6975,0,1,1
VEND-01346,branch,97.2,9.99,712,0.8371,0.2187,0,2,0
VEND-01347,direct,128.17,16.66,536,0.6642,0.1441,0,1,1
VEND-01348,branch,28.18,23.39,736,0.2924,0.5149,1,1,0
VEND-01349,digital_partner,89.53,4.67,692,0.5619,0.4635,0,0,0
VEND-01350,branch,29.6,32.84,632,0.6106,0.24,0,3,0
VEND-01351,broker,84.02,20.9,707,0.3444,0.2118,0,2,0
VEND-01352,digital_partner,20.0,23.8,738,0.5208,0.3542,0,1,0
VEND-01353,digital_partner,91.33,30.42,734,0.64,0.6566,1,2,0
VEND-01354,branch,80.51,13.23,719,0.4883,0.2496,0,0,0
VEND-01355,broker,118.93,25.41,731,0.328,0.6228,1,4,0
VEND-01356,direct,60.55,21.75,620,0.3994,0.6873,0,2,1
VEND-01357,branch,77.21,12.14,628,0.6375,0.5459,0,3,0
VEND-01358,branch,45.9,5.33,555,0.469,0.4002,0,2,1
VEND-01359,digital_partner,92.57,24.49,662,0.207,0.2295,0,0,0
VEND-01360,digital_partner,60.87,18.4,682,0.1628,0.5955,1,1,0
VEND-01361,branch,74.06,27.04,721,0.1,0.7278,0,2,0
VEND-01362,branch,125.65,25.48,778,0.7056,0.4755,0,1,1
VEND-01363,branch,70.7,24.3,599,0.8258,0.4681,0,1,0
VEND-01364,digital_partner,107.17,25.48,674,0.367,0.6435,0,0,0
VEND-01365,branch,80.76,15.79,700,0.2762,0.5313,0,0,0
VEND-01366,branch,101.99,2.2,679,0.3157,0.2506,0,2,0
VEND-01367,direct,120.93,13.15,720,0.7571,0.4023,0,1,0
VEND-01368,digital_partner,107.5,19.0,715,0.4511,0.6014,0,2,0
VEND-01369,branch,78.61,21.25,693,0.9051,0.6359,1,1,0
VEND-01370,digital_partner,50.02,24.51,739,0.3145,0.186,1,3,0
VEND-01371,digital_partner,129.26,19.84,664,0.4554,0.4567,0,3,0
VEND-01372,digital_partner,100.0,16.19,746,0.5231,0.2075,0,1,0
VEND-01373,direct,90.09,14.7,744,0.1227,0.5689,1,2,0
VEND-01374,digital_partner,94.99,23.48,818,0.419,0.4658,1,1,0
VEND-01375,digital_partner,108.94,13.2,723,0.7333,0.4804,2,1,0
VEND-01376,branch,89.78,17.56,654,0.2385,0.6849,0,2,1
VEND-01377,branch,122.46,17.82,679,0.2905,0.7203,1,2,1
VEND-01378,direct,81.72,11.32,601,0.2562,0.5108,0,2,0
VEND-01379,direct,114.43,12.82,623,0.1952,0.2554,1,3,0
VEND-01380,broker,142.05,10.96,816,0.4008,0.326,0,1,0
VEND-01381,branch,68.72,4.27,647,0.3669,0.6291,0,0,0
VEND-01382,broker,20.0,21.12,705,0.8093,0.839,0,2,0
VEND-01383,branch,40.1,12.94,730,0.6382,0.3641,1,2,0
VEND-01384,branch,71.49,7.66,666,0.3101,0.3837,0,1,1
VEND-01385,branch,88.96,16.39,693,0.05,0.7142,0,2,0
VEND-01386,direct,141.0,10.04,652,0.3972,0.3638,0,2,0
VEND-01387,broker,50.83,14.18,620,0.6235,0.6419,0,1,0
VEND-01388,direct,97.31,26.43,731,0.3294,0.1904,0,1,0
VEND-01389,direct,129.01,17.07,698,0.3829,0.6855,0,1,0
VEND-01390,direct,134.13,20.52,666,0.4048,0.2919,1,1,1
VEND-01391,digital_partner,122.43,22.94,720,0.3777,0.3154,0,1,0
VEND-01392,branch,110.11,25.83,772,0.2274,0.463,0,2,0
VEND-01393,broker,95.7,18.13,550,0.6063,0.2808,0,1,0
VEND-01394,direct,125.5,6.85,646,0.6401,0.3907,0,0,0
VEND-01395,digital_partner,132.48,14.33,714,0.4954,0.7011,2,0,1
VEND-01396,branch,66.99,16.17,701,0.4998,0.3637,0,1,0
VEND-01397,branch,35.74,22.03,710,0.1519,0.5308,1,1,0
VEND-01398,broker,55.61,22.99,651,0.4143,0.6682,0,1,1
VEND-01399,broker,79.56,23.93,684,0.4233,0.3116,1,0,0
